Mode,Line Id,Stop Name,Avg. Delay Seconds
B,12,TRONE,132.638622247
B,12,SCHUMAN,178.432156456
B,12,MEISER,176.969993596
B,12,LUXEMBOURG,177.390512005
B,12,GENEVE,178.292506044
B,12,DA VINCI,159.280951659
B,12,BRUSSELS AIRPORT,117.492744276
B,12,BOURGET,176.546320805
B,13,VANHUFFEL,157.681769609
B,13,UZ-VUB,157.661559889
B,13,UZ-PEDIATRIE,150.119944694
B,13,UZ BRUSSEL,150.678226265
B,13,SQ. DU CENTENAIRE,167.610317914
B,13,SIMONIS,158.023214286
B,13,RIETHUISEN,156.230456026
B,13,RENIERS,119.142857143
B,13,PARC ELISABETH,151.539969170
B,13,NEREUS,153.482387739
B,13,LOWET,153.574991219
B,13,LE ROUX,187.477310924
B,13,EUGENE TOUSSAINT,95.272727273
B,13,ETANGS NOIRS,117.320968672
B,13,DIELEGHEM,149.800331858
B,13,DELHOVE,156.715472893
B,13,CPAS GANSHOREN,158.783011583
B,13,BONAVENTURE,161.714285714
B,13,AUTRIQUE,167.130726257
B,13,AUDREY HEPBURN,177.966478476
B,13,ARBRE BALLON,144.618138425
B,14,WTC,149.549446975
B,14,WILLEBROEK,151.153582931
B,14,VERBEYST,159.974770039
B,14,VANDERSTICHELEN,173.188850174
B,14,UZ-PEDIATRIE,161.666310160
B,14,UZ BRUSSEL,160.743130227
B,14,TOUR ET TAXIS,150.204225352
B,14,ROI BAUDOUIN,143.705529226
B,14,PICARD,165.809639530
B,14,PALFIJN,150.710679612
B,14,LORGE,165.541427661
B,14,LEOPOLD I,150.545596563
B,14,HEYSEL,158.449812968
B,14,GARE DU NORD,145.422250859
B,14,GARE DE JETTE,161.400045434
B,14,FIRMIN LECHARLIER,159.028533636
B,14,DEMINEURS,152.571743929
B,14,DE HEYN,153.597998332
B,14,CROCQ,157.282575986
B,14,BONAVENTURE,153.467318580
B,14,BELGICA,155.718048557
B,14,AVENUE DU PORT,146.186396181
B,14,ARBRE BALLON,157.140871883
B,14,ANCIENNE BARRIERE,149.231681786
B,14,AMETHYSTE,149.172384220
B,17,WIENER,159.163807890
B,17,VANDER ELST,164.799277978
B,17,TERCOIGNE,177.059206246
B,17,MIRAVAL,153.557663354
B,17,MICHIELS,150.147651007
B,17,LES 3 TILLEULS,160.078274150
B,17,KEYM,163.254033174
B,17,KATTENBERG,160.936451898
B,17,INTERNAT. SCHOOL,172.315091211
B,17,HEILIGENBORRE,154.689354276
B,17,GARDON,174.384446075
B,17,FORESTERIE,163.817679558
B,17,ETANGS BOITSFORT,157.337480560
B,17,EQUIPAGES,143.053072626
B,17,DIABOLO,149.282059482
B,17,CALYPSO 2000,157.857264231
B,17,BRILLANT,163.812564722
B,17,BERENSHEIDE,187.835635359
B,17,BEAULIEU,124.723566505
B,20,WTC,134.778353057
B,20,WINTEROY,143.186855670
B,20,WILLEBROEK,137.817216981
B,20,TOUR ET TAXIS,135.974080074
B,20,SCHWEITZER,143.298327759
B,20,RIBAUCOURT,139.867652154
B,20,OSSEGHEM,136.883463620
B,20,MERCHTEM,137.801248050
B,20,KARREVELD,141.449484536
B,20,GENOT,143.159635120
B,20,GARE DU NORD,122.762021053
B,20,ETANGS NOIRS,142.185892229
B,20,COMHAIRE,109
B,20,BENES,143.499913540
B,20,BASTOGNE,141.762398922
B,20,AVENUE DU PORT,137.889833735
B,21,TREVES,152.337775023
B,21,TOULOUSE,171.428432327
B,21,SCHUMAN,167.103334626
B,21,SABCA,152.810887097
B,21,RTL HOUSE,158.715570786
B,21,PLASKY,163.400279720
B,21,PERMEKE,160.452311293
B,21,PAUL LEDUC,157.593384785
B,21,PARC LEOPOLD,139.344116007
B,21,OUD KAPELLEKE,159.885481366
B,21,OPALE,166.430885901
B,21,MOMMAERTS,160.202677313
B,21,MIDDELWEG,157.525679758
B,21,MICHEL-ANGE,171.688721498
B,21,MAES,123.413451374
B,21,LUXEMBOURG,190.144111192
B,21,LOISIRS,149.936911219
B,21,JAMBLINNE DE MEUX,169.843564826
B,21,HOEDEMAEKERS,156.813549337
B,21,GUEUX,165.052060134
B,21,GENEVE,153.599243856
B,21,FROISSART,162.389206349
B,21,EVERE SHOPPING,155.532467532
B,21,DIVIN SAUVEUR,162.970883534
B,21,DIAMANT,164.891032249
B,21,COLONEL BOURG,162.559090909
B,21,CARENE,161.926874279
B,21,BORDET STATION,157.349304029
B,21,AERODROME,147.880170316
B,27,ZEPHYR,159.976899527
B,27,VERHEYLEWEGHEN,158.533611850
B,27,TREVES,162.337736415
B,27,TOULOUSE,160.399446494
B,27,SAINTE-FAMILLE,167.811892381
B,27,PLEIADES,137.268243243
B,27,PARC LEOPOLD,162.730202945
B,27,NERVIENS,160.297466828
B,27,MOONENS,161.706621005
B,27,MONTGOMERY,153.121935344
B,27,MEUDON,162.572693383
B,27,MERODE,161.984960098
B,27,LUXEMBOURG,224.881857639
B,27,ICHEC,159.704235212
B,27,GEORGES HENRI,168.362778407
B,27,GAULOIS,158.144399460
B,27,FROISSART,162.459898844
B,27,DEGROOFF,161.774153519
B,27,CAPRICORNE,165.527615626
B,27,ANDROMEDE,163.016187291
B,28,VOOT,140.187899787
B,28,VICTOR HUGO,149.193667444
B,28,VERGOTE,151.066529621
B,28,TOMBERG,141.874400590
B,28,STADE FALLON,140.886327078
B,28,SLEGERS,139.421634911
B,28,PARC MALOU,138.719216418
B,28,MONTALD,142.640625
B,28,MEUDON,150.937833037
B,28,MELARD,136.232551233
B,28,KONKEL,95.510422381
B,28,JAMBLINNE DE MEUX,147.958642630
B,28,GEORGES HENRI,149.942244543
B,28,DON BOSCO,135.295513748
B,28,DIAMANT,153.598809524
B,28,DEPORTES,133.000268312
B,28,DEGROOFF,149.300749132
B,28,CHASSEURS ARDEN.,153.086409396
B,28,BRABANCONNE,113.456541086
B,29,WATERLOO WILSON,125.506085193
B,29,VINCOTTE,127.433621605
B,29,VERHEYLEWEGHEN,125.148788927
B,29,TREURENBERG,153.190277167
B,29,SPEECKAERT,128.477227723
B,29,SAINT-JOSSE,127.698858742
B,29,ROSA PARKS,153.176074685
B,29,ROODEBEEK,126.558486239
B,29,RADIUM,129.194894366
B,29,PRESSE,153.799360341
B,29,PLASKY,132.263236838
B,29,PEUPLIERS,129.934827825
B,29,OPALE,127.402125148
B,29,MOONENS,128.017224695
B,29,MARCEL THIRY,128.243135164
B,29,MAI,127.909184302
B,29,MADOU,130.101883080
B,29,LEVIE,129.989708405
B,29,JESPERS,122.956537102
B,29,HYMANS,128.541842061
B,29,HOF TEN BERG,92.129317706
B,29,HEYDENBERG,126.100861450
B,29,GUTENBERG,114.914855988
B,29,GARE CENTRALE,149.713592233
B,29,DIAMANT,132.753362527
B,29,DE BROUCKERE,118.302705563
B,29,DAILLY,126.684210526
B,29,CLOVIS,135.957618894
B,29,CHARMILLE,126.952149533
B,29,ARENBERG,151.280373832
B,33,SAINT-GERY,105.378401361
B,33,ROYALE,180.803254438
B,33,PORTE DE NAMUR,217.257096947
B,33,POELAERT,127.514170040
B,33,PETIT SABLON,135.328922495
B,33,LOUISE,214.586461341
B,33,GRAND-PLACE,93.303697183
B,33,GRAND SABLON,133.161952555
B,33,DANSAERT,201.517241379
B,33,CHAPELLE,157.477862595
B,33,CESAR DE PAEPE,158.109106529
B,33,BOURSE,123.051377283
B,33,ANNEESSENS,155.875
B,34,VANDROMME,110.258671780
B,34,VALDUC,111.000465549
B,34,TRONE,115.730647856
B,34,STRATEGIE,111.632161874
B,34,SCIENCE,110.128397376
B,34,SAINTE-ANNE,115.525024534
B,34,PORTE DE NAMUR,138.881911903
B,34,MUSEUM,112.389930510
B,34,LUXEMBOURG,114.005923451
B,34,LA CHASSE,111.042154567
B,34,IDALIE,113.849507006
B,34,HANKAR,109.468207088
B,34,FETIS,114.496990973
B,34,ETANGS,117.229463415
B,34,EGLISE ST-JULIEN,113.611629183
B,34,DEUX CHAUSSEES,145.685109074
B,34,BUEDTS,107.907965256
B,34,BERGOJE,145.477035160
B,34,AUDERGHEM-SHOP.,112.683445190
B,34,ARSENAL,112.638719512
B,36,VANDER MEERSCHEN,139.912073827
B,36,VAL DES SEIGNEURS,138.752613240
B,36,THIEFFRY,156.235190487
B,36,STOCKEL,143.911533816
B,36,SCHUMAN,122.337227828
B,36,SAINTE-ALIX,137.343742877
B,36,RUE AU BOIS,145.949597728
B,36,ROI VAINQUEUR,149.999683544
B,36,PADDOCK,139.259588400
B,36,ONZE NOVEMBRE,149.909227589
B,36,OCEAN ATLANTIQUE,147.570231959
B,36,NERVIENS,143.028159099
B,36,MUSEE DU TRAM,161.386271871
B,36,MOUETTES,152.991831605
B,36,MOSTINCK,145.925696594
B,36,MERTENS,147.614015977
B,36,MAREYDE,153.764318992
B,36,MANOIR D'ANJOU,136.683268229
B,36,LOUIS HAP,142.097371565
B,36,LEMAN,137.355498721
B,36,LA CHASSE,151.226349980
B,36,KONKEL,91.206703911
B,36,KELLE,152.282727489
B,36,JULES CESAR,140.724468085
B,36,GERSIS,140.198654941
B,36,FROISSART,149.265112891
B,36,DREVE DE NIVELLES,153.475013291
B,36,CHIEN VERT,148.820301783
B,36,CHANT D'OISEAU,151.986482515
B,36,BOULEAUX,139.994080038
B,36,BOILEAU,163.951385390
B,36,BARON DE CASTRO,162.203225806
B,37,ZEECRABBE,171.040975610
B,37,VERREWINKEL,179.177790564
B,37,TIMMERMANS,175.652007648
B,37,STATUAIRES,186.281312793
B,37,PLACE SAINT-JOB,180.349882414
B,37,PEYO,183.848816827
B,37,PASTEUR,178.295345557
B,37,OBSERVATOIRE,180.625664658
B,37,MOLIERE-LONGCHAMP,178.292125663
B,37,MERCURE,181.213204119
B,37,HOUZEAU,182.959947900
B,37,HOSPICES,186.741017964
B,37,HOMBORCH,176.532268170
B,37,HEROS,188.901621622
B,37,GUI,183.152959262
B,37,GAZELLE,178.845070423
B,37,GARE DE SAINT-JOB,182.165065287
B,37,GARE DE LINKEBEEK,168.646739130
B,37,DIRECTOIRE,180.585928489
B,37,DE WANSIJN,175.896726862
B,37,COLLEGE ST-PIERRE,185.777979275
B,37,COGHEN,177.103358500
B,37,CABRIS,165.855874317
B,37,ALBERT,173.541353383
B,38,ZEECRABBE,121.790845518
B,38,VLEURGAT,128.013456572
B,38,VAN EYCK,120.044867437
B,38,TRONE,126.093147862
B,38,STATUAIRES,114.626956319
B,38,SCIENCE,124.468107877
B,38,ROYALE,129.569832402
B,38,RENE GOBERT,114.236808780
B,38,PATTON,117.717575758
B,38,MONTJOIE,117.087470449
B,38,MALIBRAN,129.856858054
B,38,LUXEMBOURG,126.979126731
B,38,LONGCHAMP,119.717413572
B,38,IDALIE,125.499586572
B,38,HOUZEAU,117.013093290
B,38,HEROS,95.721364619
B,38,GOSSART,115.890030021
B,38,GARE CENTRALE,126.486388385
B,38,FLORIDE,116.330155544
B,38,FLAGEY,131.062448868
B,38,BOZAR,129.285964912
B,38,BLYCKAERTS,125.855860831
B,38,BIARRITZ,129.450502641
B,38,BASCULE,127.118846618
B,41,ZEECRABBE,152.481557377
B,41,WATERMAEL GARE,152.258472433
B,41,VIGNETTE,154.583811537
B,41,VERT CHASSEUR,153.589912281
B,41,TRITOMAS,154.649468892
B,41,TRANSVAAL,111.151228733
B,41,STATUAIRES,157.423464250
B,41,SCHOONEJANS,145.116068433
B,41,SACRE-COEUR,145.006076389
B,41,PECHERIES,155.258594918
B,41,MONTANA,154.946937439
B,41,LOUTRIER,156.384791123
B,41,KEYM,160.220874471
B,41,HOUZEAU,161.082795699
B,41,HOP.STE-ELISABETH,150.798336377
B,41,HERRMANN-DEBROUX,146.685673557
B,41,HEROS,115.001327727
B,41,HANNETONS,154.380952381
B,41,FUTAIE,158.098989195
B,41,FLORIDE,158.952396373
B,41,DRIES,156.489843029
B,41,DEMEY,149.1168
B,41,BRESIL,163.670509126
B,41,BOONDAEL GARE,160.575527426
B,41,BIEN-FAIRE,166.328716528
B,41,ARCHIDUCS,154.992948287
B,42,VIADUC E40,88.568393363
B,42,UCL SAINT-LUC,119.978146853
B,42,THUMAS,119.886520376
B,42,THIRY-WOLUWE,126.898397545
B,42,SAINT-ANTOINE,121.601622545
B,42,ROODEBEEK,121.615422277
B,42,PEUPLIERS,117.633847550
B,42,MARCEL THIRY,121.099404117
B,42,LENNEKE MARE,125.350881430
B,42,HOF TER MUSSCHEN,125.645190980
B,42,DUNETTE,129.602444904
B,42,CHARMILLE,125.799343305
B,42,ANNECY,120.706518179
B,43,ZEECRABBE,188.377423033
B,43,VIVIER D'OIE,131.776847613
B,43,VIEUX CHEMIN,165.441392650
B,43,VERREWINKEL,186.125668449
B,43,VAN BEVER,190.231387087
B,43,UCCLE CALEVOET,172.802309307
B,43,STATUAIRES,184.756319934
B,43,SAINTE-ALLIANCE,188.752971688
B,43,RONCES,192.337770383
B,43,RITTWEGER,174.451871658
B,43,RACING,206.289915966
B,43,PRINCE D'ORANGE,192.596107705
B,43,PASTEUR,186.421009098
B,43,OBSERVATOIRE,122.146515954
B,43,NAPOLEON,188.133333333
B,43,MOENSBERG GARE,171.450600542
B,43,JEANNE HERREMAN,171.775193798
B,43,HOUZEAU,187.707782299
B,43,HOSPICES,174.912506710
B,43,HOMBORCH,180.700399155
B,43,HEROS,181.549410172
B,43,GUI,187.144037455
B,43,GRIOTTES,155.523844461
B,43,GLOBE,181.236058365
B,43,GAZELLE,181.670484581
B,43,GARE DE LINKEBEEK,176.611780916
B,43,FORT-JACO,196.696248856
B,43,ENGELAND,168.618012422
B,43,CABRIS,184.216946676
B,43,BRAVES,167.340701220
B,43,BOURDON,172.911401099
B,43,BIGARREAUX,176.697341513
B,45,SAINT-VINCENT,111.660130293
B,45,ROODEBEEK,124.913113621
B,45,PEUPLIERS,115.685508736
B,45,PERMEKE,119.043488824
B,45,PAIX,136.726668308
B,45,PADUWA,129.202760846
B,45,OUD KAPELLEKE,135.130083778
B,45,MARCEL THIRY,114.407240745
B,45,LOISIRS,122.042260363
B,45,HOEDEMAEKERS,133.397628819
B,45,GULLEDELLE,121.789626155
B,45,GUILLAUME,124.843794434
B,45,FONSON,134.320049813
B,45,DUNANT,123.793501295
B,45,DE LOMBAERDE,112.710591133
B,45,CICERON,111.543180930
B,45,CHARMILLE,117.507275464
B,45,ARIANE,119.479030558
B,46,YSER,94.046911650
B,46,WTC,97.624722554
B,46,WESTLAND SHOPPING,77.913645447
B,46,VANHELLEMONT,77.117353059
B,46,SIBELIUS,75.992339611
B,46,SCHERDEMAEL,76.464266131
B,46,SAINT-GUIDON,103.677997610
B,46,RESISTANCE,105.110991088
B,46,PTE D'ANDERLECHT,89.689126514
B,46,POMMIER,77.441481481
B,46,NICOLAY,92.190284653
B,46,NEERPEDE,77.942212675
B,46,MOORTEBEEK,61.071447265
B,46,MEIR,83.451580782
B,46,LIVERPOOL,91.719986807
B,46,HOPITAL BRACOPS,76.510210543
B,46,GLIBERT,73.050260453
B,46,DOUVRES,103.702910672
B,46,DE LINDE,76.205193808
B,46,DE BROUCKERE,93.062630480
B,46,CUREGHEM,82.282393670
B,46,CLEMENCEAU,85.948802947
B,46,BUANDERIE,90.079297430
B,46,BOURSE,94.187293482
B,46,BEGUINAGE,93.495466566
B,46,ALBERT I,92.558900524
B,47,ZAVELPUT,112.908089501
B,47,VTM,179.044527435
B,47,VLIERKENS,174.824779249
B,47,VILVOORDE STATION,123.394818768
B,47,TWEE LEEUWENWEG,169.114530926
B,47,TRASSERSWEG,107.538331216
B,47,RAMIER,112.464210155
B,47,PRES COMMUNS,109.719318182
B,47,PETER BENOIT,112.251769464
B,47,MINNEMOLEN,165.837563452
B,47,KERK VILVOORDE,161.496586599
B,47,JORDAEN,159.517578125
B,47,HOOGVELD,373.090909091
B,47,HELDENPLEIN,152.632319820
B,47,HEEMBEEK,77.555825243
B,47,HANSSENSPARK,156.488533704
B,47,ENNEPETAL,169.283358896
B,47,CHEMIN VERT,111.553480475
B,47,BLOKKEN,158.786576169
B,47,ANTOON VAN OSS,108.770846201
B,48,VICTOR ALLARD,127.589961117
B,48,TIMMERMANS,110.134882985
B,48,SUEDE,139.879436072
B,48,SERBIE,129.697709924
B,48,ROUPPE,179.564637681
B,48,ROCHEFORT,132.537589956
B,48,PORTE DE HAL,135.164989059
B,48,MYSTERE,115.026042816
B,48,MONT KEMMEL,114.004072883
B,48,MOLIERE-LONGCHAMP,116.456898964
B,48,MANNEKEN-PIS,180.166716285
B,48,LAINE,114.462136847
B,48,JEU DE BALLE,143.035303777
B,48,HOP. SAINT-PIERRE,140.839103068
B,48,GRAND-PLACE,146.682564103
B,48,GRAND SABLON,144.413043478
B,48,GATTI DE GAMOND,111.179743888
B,48,GARE DU MIDI,140.765270506
B,48,DUDEN,113.277735076
B,48,DOMAINE,113.950882890
B,48,DECROLY,94.655377345
B,48,CHAPELLE,145.660230292
B,48,CESAR DE PAEPE,141.750325098
B,48,AVENUE DU ROI,127.668528121
B,48,AULNE,114.220309811
B,48,ANNEESSENS,134.695153061
B,48,ALTITUDE CENT,112.668917018
B,48,ALBERT,118.215471394
B,49,WIELS,103.519415808
B,49,VEEWEYDE,94.632100708
B,49,VAN KALKEN,96.581400535
B,49,SUEDE,97.045485754
B,49,SIPPELBERG,103.408798910
B,49,SIMONIS,98.056350070
B,49,SAINT-GUIDON,117.857122051
B,49,RESISTANCE,118.896517610
B,49,PRINCE DE LIEGE,108.546689066
B,49,PETERBOS,116.074032996
B,49,PAULSEN,100.153406928
B,49,ORBAN,97.688237073
B,49,MEIR,98.928504359
B,49,MAISON D'ERASME,124.484764543
B,49,MACHTENS,109.227104918
B,49,LIBERTE,104.316896471
B,49,LEROY,108.132968691
B,49,JAKOB SMITS,108.244635193
B,49,IMPRIMERIE,97.603540320
B,49,ILE SAINTE-HELENE,102.262668217
B,49,GARE DU MIDI,104.147519582
B,49,DIGUE DU CANAL,101.283811475
B,49,CIM. DE MOLENBEEK,105.182585665
B,49,CHARROI,101.205722261
B,49,CANDRIES,108.133472170
B,49,BROEREN,118.274509804
B,49,BEAUTE,119.181911916
B,49,BASTOGNE,108.184996738
B,49,AVENUE DU ROI,99.336101399
B,49,ARISTIDE BRIAND,95.475503851
B,50,WIELS,176.774388489
B,50,WATERBURY,145.827371695
B,50,VOETBALCLUB,139.097636177
B,50,UCCLE SPORT,170.732905983
B,50,SUEDE,182.324713410
B,50,STATION LOT,142.934560327
B,50,SPORTCENTRUM,162.349056604
B,50,SAINT-DENIS,174.582589824
B,50,RUISBROEK CENTRUM,160.677258403
B,50,RUE LONGUE,161.358778626
B,50,ORBAN,175.923187365
B,50,NEERSTALLE,170.346932420
B,50,MAX WALLER,174.172930904
B,50,LOT STATION,108.055910543
B,50,KERK RUISBROEK,165.317330837
B,50,KAPEL RUISBROEK,164.917789387
B,50,IMPRIMERIE,175.441655658
B,50,GILSON,173.601762712
B,50,GARE DU MIDI,183.780997909
B,50,FOREST CENTRE,174.035178777
B,50,CHARROI,180.103338633
B,50,BERVOETS,179.448269231
B,50,BEMPT,175.609628770
B,50,BEKA,149.945652174
B,50,AVENUE DU ROI,178.635907723
B,53,ZAVELPUT,129.135961104
B,53,WOESTE,128.205970149
B,53,WILLEMYNS,127.013719512
B,53,WESTLAND SHOPPING,131.598567818
B,53,VERSAILLES,126.451112610
B,53,VAL MARIA,139.210890387
B,53,SIMPSON,122.734654422
B,53,SERRES ROYALES,124.000647983
B,53,SCHOLA EUROPEA,120.282222222
B,53,RIETHUISEN,126.364418116
B,53,PRINCE DE LIEGE,127.478701477
B,53,PETERBOS,128.306925130
B,53,PETER BENOIT,127.169808281
B,53,PAGODES,122.375232967
B,53,MIROIR,125.363861004
B,53,MACHTENS,128.829668800
B,53,LOYAUTE,131.153934686
B,53,LONG BONNIER,123.783276172
B,53,LEROY,123.391145596
B,53,LEOPOLD I,124.618915710
B,53,KRUIPWEG,128.420500095
B,53,KAREL BOGAERD,123.175310759
B,53,HOP. MILITAIRE,92.754803349
B,53,GARE DE BOCKSTAEL,127.937706271
B,53,FRUITS,126.723593964
B,53,FERME NOS PILIFS,124.714439462
B,53,EMILE DELVA,130.033683890
B,53,DE WAND,128.526846805
B,53,CIM. DE MOLENBEEK,128.162578335
B,53,CANDRIES,127.019221968
B,53,BOSSAERT-BASILIQ.,127.684681752
B,53,BOCKSTAEL,130.125989044
B,53,BEYSEGHEM,127.947053321
B,53,BASTOGNE,130.416929382
B,53,ARTISTES,122.040533607
B,54,VANNE,135.606963958
B,54,TRONE,118.033756581
B,54,TRINITE,133.878285654
B,54,TOURNOI,134.566512244
B,54,SAINT-DENIS,132.734116519
B,54,QUART.ST-BONIFACE,133.599508600
B,54,PRISON,132.822111181
B,54,PORTE DE NAMUR,137.406092172
B,54,MYSTERE,134.816868280
B,54,MA CAMPAGNE,138.902076478
B,54,JUPITER,137.011299435
B,54,GARE FOREST-EST,133.557762938
B,54,FOREST NATIONAL,138.890119707
B,54,FOREST CENTRE,137.316771269
B,54,FOREST (BERVOETS),105.948911652
B,54,FERNAND COCQ,135.472303657
B,54,DUDEN,132.400712134
B,54,BERVOETS,137.328582740
B,54,BAILLI,135.394584838
B,54,ALBERT,136.536588366
B,56,VOLTAIRE,173.227051178
B,56,VERGER,152.058364070
B,56,VERBOEKHOVEN,172.960488088
B,56,VAN PRAET,163.903521567
B,56,VAL MARIA,181.572789719
B,56,SCHUMAN,134.508385830
B,56,PRINC. ELISABETH,171.209328239
B,56,PRES COMMUNS,156.330343470
B,56,POGGE,173.932984699
B,56,PETER BENOIT,160.573038312
B,56,MERCATOR,149.442277516
B,56,LUTHER,160.110429448
B,56,HOP. MILITAIRE,152.375413816
B,56,HEEMBEEK,175.431903374
B,56,FERME NOS PILIFS,155.184845560
B,56,DOCKS BRUXSEL,175.950360701
B,56,DE BEJAR,143.674371859
B,56,DAILLY,169.947226710
B,56,CROSSING,174.308657869
B,56,CROIX DE GUERRE,158.434841454
B,56,COTEAUX,178.012369478
B,56,COLIGNON,174.187746724
B,56,BUDA,180.883583447
B,56,BREMER,167.618302925
B,56,BRABANCONNE,170.301478953
B,56,AZALEES,174.938282139
B,56,ANTOON VAN OSS,151.775062344
B,56,AMBIORIX,169.116051243
B,57,WTC,159.715542522
B,57,WILLEBROEK,158.382451850
B,57,VAN PRAET,165.888759870
B,57,TROIS PERTUIS,171.296536797
B,57,TRASSERSWEG,163.845257903
B,57,TOUR ET TAXIS,165.018656716
B,57,RIVE GAUCHE,170.664970930
B,57,PAVILLONS MEUDON,158.667140825
B,57,MERCATOR,169.579127459
B,57,MARLY,168.438135087
B,57,MARIE-CHRISTINE,197.410349288
B,57,HOP. MILITAIRE,109.169585253
B,57,GARE DU NORD,156.375301366
B,57,ENTREPOT,159.229707792
B,57,DE BEJAR,166.557258792
B,57,CLAESSENS,159.561714286
B,57,CHEMIN VERT,164.899661017
B,57,BIEBUYCK,168.059954751
B,57,AVANT-PORT,169.810844116
B,57,ANTOON VAN OSS,160.237885463
B,58,YSER,104.209983151
B,58,WTC,140.898813242
B,58,VILVOORDE STATION,107.676928924
B,58,VIER FONTEINEN,149.860252005
B,58,VERBOEKHOVEN,140.089584851
B,58,STEPHENSON,137.571802022
B,58,ROGIER,162.236921026
B,58,RIVE DROITE,156.756168360
B,58,PRINC. ELISABETH,140.247001499
B,58,PONT ALBERT,153.477132806
B,58,PAVILLON,135.656818182
B,58,NICOLAY,99.978545888
B,58,MONNOYER,154.018124507
B,58,MASUI,136.073337751
B,58,HELDENPLEIN,166.412834765
B,58,GLIBERT,135.975872188
B,58,GARE DU NORD,139.657562629
B,58,DOCKS BRUXSEL,159.969844358
B,58,DIEGEMSTRAAT,156.864674868
B,58,DESTOUVELLES,131.890008961
B,58,CHEMIN DE FER,156.387326733
B,58,CERES,154.655128746
B,58,BLOKKEN,152.954965920
B,58,BICOQUE,150.272288262
B,58,AQUIRIS,156.159163987
B,59,WERY,145.923390672
B,59,VERBOEKHOVEN,140.976650564
B,59,VANDENHOVEN,133.463662791
B,59,SCHAERBEEK GARE,138.597281993
B,59,SAINT-VINCENT,135.038824182
B,59,PRINC. ELISABETH,132.104994903
B,59,PICARDIE,134.131970260
B,59,PARC LEOPOLD,140.125171311
B,59,NATATION,146.057942058
B,59,MAELBEEK,150.602677444
B,59,LIVINGSTONE,149.966827920
B,59,LEVURE,152.496383363
B,59,JOURDAN,145.863623146
B,59,HUART-HAMOIR,143.973871734
B,59,HOUWAERT,142.773280684
B,59,HOP. ETT.-IXELLES,98.464566929
B,59,HERMAN,215.110924370
B,59,GUTENBERG,147.785049628
B,59,GEEFS,173.562130178
B,59,FLAGEY,152.102564103
B,59,ETANGS,102.166666667
B,59,ERNEST LAUDE,142.864981173
B,59,EENENS,143.643179025
B,59,COTEAUX,202.985955056
B,59,CHAUMONTEL,132.056055646
B,59,CARLI,133.227995110
B,59,BRAEMT,148.548387097
B,59,BOSSUET,140.710857143
B,59,BORDET STATION,133.987730061
B,59,ANATOLE FRANCE,138.719602978
B,60,WASHINGTON,156.218421800
B,60,VLEURGAT,153.278478964
B,60,VARIA,153.737112252
B,60,VAN EYCK,163.760595131
B,60,UCCLE CALEVOET,151.391264262
B,60,SCHUMAN,146.595969109
B,60,PLACE SAINT-JOB,144.399853265
B,60,PAPENKASTEEL,155.868894602
B,60,OBSERVATOIRE,150.606472668
B,60,MERCURE,153.153681201
B,60,MARIE DEPAGE,183.236620416
B,60,MALIBRAN,155.358747167
B,60,LEPOUTRE,155.371326165
B,60,LANGEVELD,151.116260163
B,60,JOURDAN,146.672413793
B,60,HOUZEAU,152.045765287
B,60,HELLEVELT,152.404031551
B,60,GROELSTVELD,152.547049442
B,60,GEORGES BRUGMANN,154.271674331
B,60,GARE DE SAINT-JOB,155.620177469
B,60,FROISSART,152.407558214
B,60,FLAGEY,155.084294753
B,60,ETANGS,159.540483256
B,60,ENGELAND,156.450282674
B,60,DROSSART,158.721804511
B,60,DE WANSIJN,145.103820419
B,60,CHENAIE,151.464453125
B,60,CAVELL,151.056967147
B,60,BRUNARD,150.329019074
B,60,BLYCKAERTS,154.067277691
B,60,BIARRITZ,155.415065165
B,60,AMBIORIX,152.432621433
B,61,WAPPERS,143.837720488
B,61,STEURS,149.247958258
B,61,SAINT-LOUIS,146.730058366
B,61,RUE TRAVERSIERE,154.219347582
B,61,ROGIER,137.428047663
B,61,MONTGOMERY,126.570258929
B,61,MERODE,143.271549185
B,61,JAMBLINNE DE MEUX,150.934969636
B,61,HOUWAERT,157.241654913
B,61,GARE DU NORD,104.798102094
B,61,FUSS,152.809169279
B,61,DAILLY,150.479595278
B,61,CLAYS,147.889880952
B,61,CHEVALERIE,147.537563131
B,61,CHASSEURS ARDEN.,152.455971049
B,61,BRABANCONNE,150.025884383
B,61,BOTANIQUE,157.707976566
B,61,BOSSUET,41.5
B,63,WATERLOO WILSON,129.689068481
B,63,TREURENBERG,132.546562228
B,63,SAINT-JOSSE,124.568594845
B,63,ROSA PARKS,128.702004454
B,63,PRESSE,128.344578313
B,63,PLASKY,134.171476022
B,63,PAUL LEDUC,139.775149105
B,63,OPTIMISME,137.857769799
B,63,MICHEL-ANGE,128.474236954
B,63,MEISER,132.580378938
B,63,MAX-PLASKY,128.235939158
B,63,MARGUERITE,127.162842339
B,63,MADOU,132.961378266
B,63,LEOPOLD III,131.162815690
B,63,JAMBLINNE DE MEUX,129.490349819
B,63,GUTENBERG,128.252571111
B,63,GUEUX,129.358691368
B,63,GARE CENTRALE,132.274019479
B,63,FRANS COURTENS,140.310030395
B,63,DIABLOTINS,140.868985507
B,63,CIM. DE BRUXELLES,116.079553310
B,63,ARBRE UNIQUE,138.253363229
B,63,AMBIORIX,125.959584926
B,64,VANDENHOVEN,116.706936867
B,64,TRONE,145.915927851
B,64,TREVES,131.215189873
B,64,TOULOUSE,127.552238806
B,64,SCIENCE,129.412235563
B,64,SAINT-VINCENT,115.705694518
B,64,PORTE DE NAMUR,130.731939163
B,64,PATRIE,149.676665368
B,64,PARC LEOPOLD,38.5
B,64,PAIX,123.940479014
B,64,OUD KAPELLEKE,123.800179748
B,64,NOTRE-DAME,125.039412397
B,64,MAELBEEK,128.690127077
B,64,LUXEMBOURG,132.589035614
B,64,LIVINGSTONE,133.675997201
B,64,JOSAPHAT,124.568575735
B,64,FONSON,118.315119363
B,64,DAILLY,122.763022744
B,64,CONSCIENCE,129.645388601
B,64,CHAZAL,122.361949800
B,64,BRABANCONNE,138.466424682
B,64,BORDET STATION,112.999184339
B,64,BICHON,126.841225627
B,64,AMBIORIX,136.039590444
B,65,WITLOOF,120.521475257
B,65,VANDENHOVEN,110.388391258
B,65,TWYENINCK,108.987107361
B,65,TREURENBERG,104.414923686
B,65,ROSA PARKS,106.029761905
B,65,QUETELET,109.227558348
B,65,PRESSE,104.710631040
B,65,PATRIE,113.930440232
B,65,NOTRE-DAME,115.619990022
B,65,MATISSE,116.793721973
B,65,MADOU,112.971187283
B,65,LEKAERTS,115.469480210
B,65,JOSAPHAT,117.121127367
B,65,HOEDEMAEKERS,114.745032145
B,65,HAREN,171.927374302
B,65,GARE DE HAREN-SUD,108.629744651
B,65,GARE CENTRALE,109.615519509
B,65,FERNAND LEGER,118.747264622
B,65,DA VINCI,116.796954315
B,65,CORTENBACH,106.199448951
B,65,CONSCIENCE,115.420134386
B,65,CHAZAL,111.751628385
B,65,BORDET STATION,110.367812743
B,65,BIPLAN,105.112397421
B,65,BIENFAITEURS,111.769497400
B,65,BICHON,118.207434053
B,66,VILLON,130.049913941
B,66,TREURENBERG,101.493477028
B,66,TERDELT,115.113757134
B,66,ROSA PARKS,102.629888268
B,66,QUETELET,102.960339943
B,66,PRESSE,101.040415380
B,66,PEAGE,139.691701464
B,66,PADUWA,126.219946572
B,66,MADOU,107.954912197
B,66,LOUIS BERTRAND,118.317717370
B,66,LATINIS,113.488010204
B,66,KURTH,118.393956563
B,66,GUILLAUME,127.079639225
B,66,GARE D'EVERE,125.272805880
B,66,GARE CENTRALE,115.604997597
B,66,EVERE SHOPPING,130.783388158
B,66,DUNANT,131.890710383
B,66,DIABLOTINS,127.350894152
B,66,CROSSING,121.487731382
B,66,CONSCIENCE,114.273215119
B,66,CIM. DE BRUXELLES,123.913
B,66,ARTEMIS,125.877280930
B,69,ZENOBE GRAMME,269.415233415
B,69,VANDENHOVEN,268.517482517
B,69,SCHAERBEEK GARE,265.717905405
B,69,SAINT-VINCENT,282.593283582
B,69,PICARDIE,275.287833828
B,69,JULES BORDET,161.787190083
B,69,DA VINCI,232.222385862
B,69,CHAUMONTEL,280.092348285
B,69,CARLI,261.112
B,69,BORDET STATION,220.580873672
B,70,VIEUX CHEMIN,170.981119792
B,70,UCCLE CALEVOET,170.905940594
B,70,ROOSENDAEL,141
B,70,RITTWEGER,178.620113717
B,70,PEYO,174.268333333
B,70,MOENSBERG GARE,176.582506203
B,70,JEANNE HERREMAN,171.246842105
B,70,HOSPICES,166.842538190
B,70,HOMBORCH,165.600778210
B,70,HEROS,184.802422145
B,70,GRIOTTES,166.497810219
B,70,GLOBE,184.831301483
B,70,GARE DE LINKEBEEK,172.637720488
B,70,ENGELAND,164.076891106
B,70,COLLEGE ST-PIERRE,181.676599126
B,70,CABRIS,182.938547486
B,70,BRAVES,177.119747899
B,70,BOURDON,175.591348601
B,70,BIGARREAUX,177.588950276
B,71,ULB,95.059920222
B,71,TRONE,91.995139196
B,71,ROYALE,93.225026436
B,71,QUART.ST-BONIFACE,88.857599309
B,71,PORTE DE NAMUR,92.509552282
B,71,MUSEE D'IXELLES,92.703640403
B,71,JEANNE,89.628984825
B,71,GEO BERNIER,94.272685693
B,71,GARE CENTRALE,91.965667311
B,71,FRAITEUR,93.035953287
B,71,FLAGEY,93.479778442
B,71,FERNAND COCQ,92.176159873
B,71,ETANGS D'IXELLES,93.778011131
B,71,DELTA,95.549907579
B,71,DE BROUCKERE,73.445172037
B,71,CIM. D'IXELLES,92.098484848
B,71,CHIREC,97.182361139
B,71,BUYL,96.666149254
B,71,BOZAR,92.292587776
B,71,BEAULIEU,96.061153174
B,71,ARENBERG,90.784749904
B,72,VIGNETTE,119.440347072
B,72,ULB,88.147368421
B,72,ROUGE-CLOITRE,111.022284123
B,72,ROODENBERG,108.629565217
B,72,JARDIN MASSART,111.728132388
B,72,INVALIDES,141.046272494
B,72,HERRMANN-DEBROUX,115.173258004
B,72,FRAITEUR,110.13671875
B,72,DEMEY,124.286868687
B,72,DELTA,129.971322849
B,72,CLESSE,115.307300509
B,72,CIM. D'IXELLES,126.931873479
B,72,CHIREC,105.626065773
B,72,ADEPS,189.617787189
B,74,VICTOR ALLARD,168.591085957
B,74,VEEWEYDE,159.933084345
B,74,VAN KALKEN,153.605647907
B,74,UCCLE-STALLE,107.005037116
B,74,TREFLES,161.208921256
B,74,SAINT-DENIS,161.223330311
B,74,MEYLEMEERSCH,162.869995290
B,74,MARTIN LUTH. KING,160.162104133
B,74,MARIE CURIE,165.482323232
B,74,ILE SAINTE-HELENE,148.297745178
B,74,GARE FOREST-EST,163.380688962
B,74,FRANS HALS,162.102982955
B,74,FORESTOISE,166.251507321
B,74,FOREST NATIONAL,169.575441919
B,74,FOREST CENTRE,169.241111565
B,74,ERASME,160.839097744
B,74,EDDY MERCKX,165.493810179
B,74,DIGUE DU CANAL,157.035759097
B,74,DECROLY,168.159710245
B,74,DEBUSSY,156.158723581
B,74,CLEMENCE EVERARD,129.827008379
B,74,CHARROI,153.713570128
B,74,BERVOETS,162.140221402
B,74,AULNE,172.747009569
B,74,ARISTIDE BRIAND,159.081343943
B,75,YSAYE,180.788565264
B,75,WESTLAND SHOPPING,172.725588383
B,75,WAXWEILER,167.285714286
B,75,WAUTERS,168.725897921
B,75,VAN BEETHOVEN,171.861248316
B,75,RENE HENRY,179.745899435
B,75,POMMIER,165.170468557
B,75,HUIT HEURES,164.964876033
B,75,HOPITAL BRACOPS,171.841971896
B,75,FRUITS,176.309532573
B,75,COLOMBOPHILES,164.487847222
B,75,CERIA,185.342615209
B,75,CAMPUS CERIA,178.301267281
B,75,BON AIR,117.860749051
B,75,BIZET,170.883720930
B,76,VIOLETTES,183.923745174
B,76,STIJN STREUVELS,191.941446613
B,76,RING 0,173.447115385
B,76,REINE ASTRID,177.414376321
B,76,PLAINE DES SPORTS,184.646981627
B,76,OPPEM,92.774647887
B,76,MARMOTTE,197.125647668
B,76,LOUIS MARCELIS,186.802083333
B,76,KRAAINEM-SHOPPING,183.902268761
B,76,KRAAINEM,111.298558559
B,76,HERNALSTEEN,184.329660239
B,76,GERGEL,181.746284501
B,77,VOISINS,196.946969697
B,77,VIER HUISKENS,198.785100287
B,77,RING 0,190.047619048
B,77,REINE ASTRID,198.8
B,77,LONG-CHENE,211.097777778
B,77,KRAAINEM-SHOPPING,187.483304042
B,77,KRAAINEM,197.023720350
B,77,HIPPODROME,134.874493927
B,77,GERGEL,196.118518519
B,77,EGLISE WEZEMBEEK,190.159388646
B,77,DEUTSCHE SCHULE,204.144970414
B,78,VETERINAIRES,102.853028798
B,78,PLACE V. HORTA,51.363636364
B,78,PETITE ILE,109.929411765
B,78,MOZART,150.352348993
B,78,LABEUR,138.740234375
B,78,INTERNATIONAL,142.273125342
B,78,HUMANITE,78.599609375
B,78,HERMES,127.147716895
B,78,GARE DU MIDI,161.985481896
B,78,ELOY,110.896396396
B,78,DIGUE DU CANAL,135.593338497
B,78,DEUX GARES,99.674740484
B,78,BOLLINCKX,140.369546621
B,79,VICTOR HUGO,161.625825385
B,79,THIRY-WOLUWE,153.110620864
B,79,SCHUMAN,113.071553885
B,79,PLEIADES,154.705525606
B,79,MOUNIER,161.480046948
B,79,MICHEL-ANGE,162.350981767
B,79,MARCEL THIRY,157.742238946
B,79,KRAAINEM,117.537473023
B,79,JAMBLINNE DE MEUX,156.218166384
B,79,HOF TER MUSSCHEN,159.494541485
B,79,GULLEDELLE,152.775013376
B,79,GUEUX,154.664744646
B,79,DIVIN SAUVEUR,159.365638767
B,79,DIAMANT,156.549270792
B,79,COLONEL BOURG,153.563198411
B,79,CLINIQUES-UCL,152.212593876
B,79,CARENE,154.585783004
B,79,CAPRICORNE,155.977153558
B,79,AUDITOIRES-UCL,159.123307544
B,79,ARIANE,156.479074117
B,79,ANDROMEDE,157.931805320
B,80,VANDENHOVEN,125.299637681
B,80,TWYENINCK,134.116806309
B,80,TRONE,131.839156080
B,80,SCIENCE,125.877661372
B,80,PORTE DE NAMUR,142.160704015
B,80,PADUWA,136.785059792
B,80,MUSEUM,126.951080774
B,80,MONTGOMERY,128.817368874
B,80,MEUDON,131.230962474
B,80,MERODE,132.705639141
B,80,LUXEMBOURG,125.225638672
B,80,LEMAN,129.271872813
B,80,JULES BORDET,135.652204836
B,80,JOURDAN,141.724642005
B,80,IDALIE,124.886973180
B,80,ICHEC,123.055708219
B,80,HEYDENBERG,133.942462087
B,80,HAREN,114.106641813
B,80,GEORGES HENRI,129.417906619
B,80,GAULOIS,130.045165394
B,80,GARE DE HAREN-SUD,134.088903034
B,80,FEVRIER,133.746024096
B,80,ETANGS,118.492691030
B,80,DIABLOTINS,131.707141387
B,80,DEGROOFF,131.887058474
B,80,DA VINCI,137.159411624
B,80,CORTENBACH,130.430655620
B,80,COLONEL BOURG,128.717638519
B,80,CIM. DE BRUXELLES,135.121979554
B,80,CARENE,132.483470551
B,80,BORDET STATION,136.206402886
B,80,BIPLAN,132.116459105
B,80,ARTEMIS,135.743785027
B,83,VERSAILLES,173.446223804
B,83,VAL MARIA,151.866181314
B,83,STIENON,145.891500904
B,83,SQ. DU CENTENAIRE,151.125532309
B,83,SORENSEN,147.675130695
B,83,ROI BAUDOUIN,151.100455235
B,83,RENIERS,154.274691358
B,83,PAMPOEL,158.932503888
B,83,PALAIS 12,175.858021527
B,83,PAGODES,172.648079593
B,83,NEREUS,157.124031008
B,83,LONG BONNIER,175.553888381
B,83,LE ROUX,147.461506100
B,83,HOPITAL BRUGMANN,146.303709743
B,83,HOP. DES ENFANTS,140.757071547
B,83,HEYSEL,174.428696797
B,83,GARE DE BERCHEM,143.705314010
B,83,FORUM,176.340459338
B,83,EUGENE TOUSSAINT,141.209465381
B,83,ESPLANADE,177.559647466
B,83,DE WAND,174.172887731
B,83,DE VILLEGAS,180.207360615
B,83,CROCQ,151.386867791
B,83,CRAETBOS,180.709039548
B,83,BONAVENTURE,161.511921459
B,83,BOIS DES ILES,164.938519448
B,83,BEYSEGHEM,177.456955452
B,83,BERGDAL,180.020089763
B,83,BEECKMANS,149.219170243
B,83,BASILIX,167.875439831
B,83,AMETHYSTE,80.5
B,86,TOUR ET TAXIS,164.507147111
B,86,TAMARIS,136.066246851
B,86,SAVONNERIE,164.662027833
B,86,RIBAUCOURT,172.269969040
B,86,QUATRE-VENTS,139.807062359
B,86,POUCHKINE,171.348463188
B,86,NEKKERSDAL,171.819813352
B,86,MERCHTEM,163.368884540
B,86,MACHTENS,98.626239606
B,86,JOSEPH BAECK,135.022026432
B,86,GARE DE L'OUEST,137.008757590
B,86,ETANGS NOIRS,158.001524390
B,86,ENTREPOT,165.3826
B,86,ELEPHANT,168.967847158
B,86,DUCHESSE BRABANT,170.698770811
B,86,DUBOIS,133.826999433
B,86,DIEUDONNE LEFEVRE,169.189533777
B,86,CONDOR,128.313681028
B,86,COMTE DE FLANDRE,173.905198777
B,86,BORNE,165.861810552
B,86,BOCKSTAEL,163.556035916
B,86,AVENUE DU PORT,165.798051794
B,87,THYM,128.405398712
B,87,TAMARIS,121.843009851
B,87,SORENSEN,112.910253677
B,87,SIMONIS,114.853941909
B,87,SEPT ETOILES,106.629870130
B,87,RIETHUISEN,116.755160036
B,87,PARC MONNET,120.260038735
B,87,PARC ELISABETH,114.813061582
B,87,NEUBERGER,126.092470702
B,87,NEREUS,122.742368977
B,87,MARICOLLES,122.467018470
B,87,LOWET,119.782540920
B,87,JOSEPH BAECK,119.226085482
B,87,HUNDERENVELD,126.003053953
B,87,HOOGBOSCH,124.979511143
B,87,HET VEROOST,122.585976268
B,87,GARE DE BERCHEM,143.876569944
B,87,GANSHOREN-SPORT,126.202290951
B,87,ELBERS,127.798299320
B,87,DUBOIS,119.988688275
B,87,CONDOR,124.120916419
B,87,COLLEGE S.-COEUR,117.172927662
B,87,CIMETIERES,127.513900048
B,87,CHOPIN,123.287010401
B,87,CANDRIES,126.469086711
B,87,BROEK,118.508474576
B,87,BOIS DES ILES,124.712658949
B,87,BERCHEM-SHOPPING,121.116040482
B,87,BEEKKANT,98.237272064
B,87,BEECKMANS,115.934648582
B,87,BASILIX,127.807475210
B,88,WTC,154.239011778
B,88,WILLEBROEK,160.980814058
B,88,UZ-VUB,176.864302326
B,88,UZ-PEDIATRIE,158.078308088
B,88,UZ BRUSSEL,157.319547236
B,88,TOUR ET TAXIS,155.358826754
B,88,ROGIER,163.856602244
B,88,PRINCE LEOPOLD,153.491717937
B,88,POUCHKINE,146.858358145
B,88,NEKKERSDAL,157.213699608
B,88,LORGE,151.591958707
B,88,JACOBS FONTAINE,155.301139306
B,88,HOP. DES ENFANTS,154.986666667
B,88,GUILL. DE GREEF,154.935978836
B,88,GARE DU NORD,159.973074987
B,88,GARE DE JETTE,155.045859873
B,88,ENTREPOT,156.601410106
B,88,EMILE DELVA,151.952434881
B,88,DUYSBURGH,160.760892116
B,88,DIEUDONNE LEFEVRE,148.573062923
B,88,DE BROUCKERE,187.746366850
B,88,CROCQ,157.345120614
B,88,CIM. DE JETTE,154.365918367
B,88,BOULE ET BILL,157.042332434
B,88,BOCKSTAEL,156.098363947
B,88,AUDREY HEPBURN,177.892981103
B,88,ARBRE BALLON,153.787051243
B,89,WILLEMYNS,136.104997476
B,89,WESTLAND SHOPPING,123.888652104
B,89,VETERANS COLON.,167.041765794
B,89,TRIANGLE,182.618423789
B,89,SCHEUT,165.554104758
B,89,RUE DE L'OBUS,164.933490443
B,89,PRINCE DE LIEGE,162.834830543
B,89,PORTE DE NINOVE,182.834488068
B,89,PORTE DE FLANDRE,180.546466809
B,89,PETERBOS,135.532420459
B,89,PAULSEN,135.522333637
B,89,JACQUES BREL,161.377873295
B,89,GARE CENTRALE,138.389546754
B,89,FRUITS,135.212677080
B,89,DUCHESSE BRABANT,133.761278195
B,89,DELACROIX,133.463426791
B,89,DE BROUCKERE,180.169444444
B,89,DANSAERT,181.245607334
B,89,BOURSE,185.494068966
B,89,ARENBERG,183.500117343
B,95,WIENER,89.722479722
B,95,VANDER ELST,99.519798581
B,95,TRONE,96.894154370
B,95,THYS,98.091513492
B,95,SCIENCE,98.079790171
B,95,ROYALE,97.737123151
B,95,RODIN,100.698232599
B,95,RELAIS,101.697095436
B,95,PETIT SABLON,95.666991237
B,95,MIRAVAL,98.484251969
B,95,LUXEMBOURG,101.008638776
B,95,LES 3 TILLEULS,98.562776613
B,95,KEYM,99.243578256
B,95,IDALIE,97.714162535
B,95,GRAND SABLON,98.769230769
B,95,GERMOIR,98.681742354
B,95,FAUCONNERIE,95.902753659
B,95,ETTERBEEK GARE,99.564369599
B,95,DELPORTE,101.962732919
B,95,CIM. D'IXELLES,97.570961784
B,95,CERISAIE,96.392022562
B,95,CALYPSO 2000,99.601549755
B,95,BLYCKAERTS,98.441576087
B,95,BIBLIOTHEQUE,100.771153846
B,95,ARCADES,98.841061886
B,98,WAGON,196.561652281
B,98,PATHE,195.423040604
B,98,MOZART,172.384020619
B,98,HEROS,132.302596054
B,98,GLOBE,187.505736138
B,98,EGIDE VAN OPHEM,190.463280714
B,98,EGGERGAT,191.635424940
B,98,DROGENBOS-SHOP.,187.117881322
B,98,DORENT,203.267230169
B,98,CERIA,222.497303775
B,98,CARREFOUR STALLE,182.609501738
B,98,BOLLINCKX,194.834913112
M,1,VANDERVELDE,90.228443584
M,1,TOMBERG,90.049376559
M,1,STOCKEL,85.099286678
M,1,SCHUMAN,89.526355047
M,1,SAINTE-CATHERINE,88.101257174
M,1,ROODEBEEK,89.301309460
M,1,PARC,86.864418100
M,1,MONTGOMERY,90.378732200
M,1,MERODE,92.457499214
M,1,MAELBEEK,87.166062364
M,1,JOSEPH.-CHARLOTTE,89.387793427
M,1,GRIBAUMONT,89.685272785
M,1,GARE DE L'OUEST,112.854938272
M,1,GARE CENTRALE,86.870211649
M,1,ETANGS NOIRS,87.435270494
M,1,DE BROUCKERE,89.112221456
M,1,CRAINHEM,91.526693456
M,1,COMTE DE FLANDRE,86.886442467
M,1,BEEKKANT,86.613339778
M,1,ARTS-LOI,88.712320391
M,1,ALMA,89.589915477
M,2,YSER,113.592359304
M,2,TRONE,113.255690997
M,2,SIMONIS,127.799275517
M,2,ROGIER,112.146861147
M,2,RIBAUCOURT,112.426785714
M,2,PORTE DE NAMUR,113.361130255
M,2,PORTE DE HAL,115.036028120
M,2,OSSEGHEM,120.139374238
M,2,MADOU,112.815465729
M,2,LOUISE,115.187283237
M,2,HOTEL DES MONNAIES,114.209705648
M,2,GARE DU MIDI,116.531803442
M,2,GARE DE L'OUEST,119.840620592
M,2,ELISABETH,111.352383960
M,2,DELACROIX,117.344575163
M,2,CLEMENCEAU,117.502536783
M,2,BOTANIQUE,112.455899705
M,2,BEEKKANT,121.123058719
M,2,ARTS-LOI,113.025670776
M,5,VEEWEYDE,89.704636678
M,5,THIEFFRY,88.417649992
M,5,SCHUMAN,92.219536885
M,5,SAINTE-CATHERINE,92.838105903
M,5,SAINT-GUIDON,89.003885759
M,5,PETILLON,91.950815180
M,5,PARC,91.118698606
M,5,MERODE,91.635778942
M,5,MAELBEEK,91.574458346
M,5,LA ROUE,87.856704012
M,5,JACQUES BREL,90.379066240
M,5,HERRMANN-DEBROUX,100.588605028
M,5,HANKAR,89.919747353
M,5,GARE DE L'OUEST,93.183106449
M,5,GARE CENTRALE,91.066504309
M,5,ETANGS NOIRS,91.742426481
M,5,ERASME,90.992603872
M,5,EDDY MERCKX,88.597745013
M,5,DEMEY,84.903939962
M,5,DELTA,87.683139535
M,5,DE BROUCKERE,91.231510343
M,5,COMTE DE FLANDRE,93.003450656
M,5,CERIA,88.971396834
M,5,BIZET,89.233779434
M,5,BEEKKANT,95.187360595
M,5,BEAULIEU,86.817088410
M,5,AUMALE,89.556538305
M,5,ARTS-LOI,91.038172354
M,6,YSER,140.667212444
M,6,TRONE,139.418964754
M,6,STUYVENBERGH,143.307437560
M,6,SIMONIS,143.843692661
M,6,ROI BAUDOUIN,117.824620573
M,6,ROGIER,140.320881366
M,6,RIBAUCOURT,140.737595051
M,6,PORTE DE NAMUR,140.272739859
M,6,PORTE DE HAL,139.733876946
M,6,PANNENHUIS,143.661088401
M,6,OSSEGHEM,141.260377358
M,6,MADOU,140.059976422
M,6,LOUISE,140.440544413
M,6,HOUBA-BRUGMANN,143.552246340
M,6,HOTEL DES MONNAIES,140.962204224
M,6,HEYSEL,142.580465010
M,6,GARE DU MIDI,142.013141269
M,6,GARE DE L'OUEST,141.548522068
M,6,ELISABETH,142.769282929
M,6,DELACROIX,141.917577354
M,6,CLEMENCEAU,141.952986023
M,6,BOTANIQUE,140.846325831
M,6,BOCKSTAEL,143.073635057
M,6,BELGICA,141.319662991
M,6,BEEKKANT,142.892812106
M,6,ARTS-LOI,141.304718507
T,3,VANDERKINDERE,108.508749683
T,3,VAN PRAET,98.142783345
T,3,THOMAS,125.733526730
T,3,ROGIER,106.959884902
T,3,PORTE DE HAL,103.444104960
T,3,PARVIS ST-GILLES,104.450193216
T,3,MASUI,107.664950284
T,3,MABRU,103.491674968
T,3,LEMONNIER,107.337708067
T,3,JULES DE TROOZ,102.217991914
T,3,HORTA,108.402606807
T,3,HEEMBEEK,109.301190870
T,3,GARE DU NORD,106.473135786
T,3,GARE DU MIDI,108.077074078
T,3,ESPLANADE,132.568178044
T,3,DOCKS BRUXSEL,98.867094017
T,3,DE WAND,102.089687329
T,3,DE BROUCKERE,107.253854833
T,3,CHURCHILL,138.032864865
T,3,BUISSONNETS,100.472540046
T,3,BOURSE,104.868076110
T,3,BERKENDAEL,103.770940906
T,3,ARAUCARIA,99.110515021
T,3,ANNEESSENS,105.598991173
T,3,ALBERT,107.121739130
T,4,WAGON,90.676356146
T,4,VANDERKINDERE,95.112186647
T,4,STALLE (P),92.872513149
T,4,ROGIER,113.202719156
T,4,PORTE DE HAL,102.062476548
T,4,PARVIS ST-GILLES,101.218058601
T,4,MESSIDOR,93.877682403
T,4,LEMONNIER,109.845057471
T,4,HORTA,103.826628806
T,4,HEROS,92.763545796
T,4,GLOBE,92.157457380
T,4,GARE DU NORD,108.951336532
T,4,GARE DU MIDI,106.200645090
T,4,EGIDE VAN OPHEM,89.017352941
T,4,DE BROUCKERE,109.269082333
T,4,CARREFOUR STALLE,88.989373397
T,4,BOURSE,106.580085492
T,4,BOETENDAEL,91.717998955
T,4,BERKENDAEL,102.192499734
T,4,ANNEESSENS,106.478569842
T,4,ALBERT,101.786233912
T,7,VUB,100.048248133
T,7,VANDERKINDERE,57.453237410
T,7,VAN PRAET,81.595915033
T,7,SAINT-LAMBERT,78.363693075
T,7,ROFFIAEN,99.459717525
T,7,PRINC. ELISABETH,97.993686627
T,7,PETILLON,104.290287640
T,7,MONTGOMERY,95.263456822
T,7,MEISER,95.978576894
T,7,LOUIS BERTRAND,93.190193450
T,7,LONGCHAMP,98.395996209
T,7,LEOPOLD III,96.918038993
T,7,LEGRAND,96.472788637
T,7,HOP. PAUL BRIEN,91.130542230
T,7,HEYSEL,87.810239697
T,7,HELIOTROPES,92.768529241
T,7,HEEMBEEK,83.143739899
T,7,GOSSART,95.083398590
T,7,GEORGES HENRI,95.971590162
T,7,ETTERBEEK GARE,98.640618150
T,7,DOCKS BRUXSEL,95.690087711
T,7,DIAMANT,95.251645110
T,7,DEMOLDER,92.526805082
T,7,DE WAND,83.654463952
T,7,CHURCHILL,83.773788151
T,7,CHAZAL,92.044137198
T,7,CAVELL,98.763197587
T,7,CAMBRE-ETOILE,93.036720217
T,7,BUYL,91.879815274
T,7,BUISSONNETS,81.060161409
T,7,BOILEAU,92.242002582
T,7,BASCULE,94.372529397
T,7,ARSENAL,104.823674476
T,7,ARAUCARIA,81.268584236
T,8,WOLUWE SHOPPING,113.717325989
T,8,WIENER,116.564155629
T,8,VOOT,113.657856700
T,8,VLEURGAT,112.891530983
T,8,ULB,113.689906701
T,8,TENREUKEN,116.454251150
T,8,STEPHANIE,110.974235808
T,8,SOLBOSCH,113.856831960
T,8,ROODEBEEK,136.319769831
T,8,ROND-PT SOUVERAIN,114.604179761
T,8,PARC SENY,113.583790133
T,8,PARC DES SOURCES,119.036400662
T,8,MUSEE DU TRAM,115.588733467
T,8,MARIE-JOSE,114.743120588
T,8,LOUISE,119.936394430
T,8,LEGRAND,118.564408291
T,8,JEANNE,117.086095912
T,8,HIPPOD. BOITSFORT,114.876345498
T,8,HERRMANN-DEBROUX,117.237974362
T,8,FAUCONNERIE,114.600997129
T,8,EMPAIN,118.507858316
T,8,DELLEUR,115.439098199
T,8,DEFACQZ,110.564958678
T,8,COCCINELLES,112.448550313
T,8,CAMBRE-ETOILE,114.246572679
T,8,BUYL,111.548833189
T,8,BRESIL,115.399203325
T,8,BOONDAEL GARE,113.410934744
T,8,BOITSFORT GARE,114.280972046
T,8,BAILLI,109.557669082
T,8,AUDERGHEM-SHOP.,114.237067845
T,8,ABBAYE,113.127197769
T,9,UZ-PEDIATRIE,120.469025051
T,9,UZ BRUSSEL,119.342867294
T,9,SQ. DU CENTENAIRE,117.652578691
T,9,SIMONIS,146.290654326
T,9,MIROIR,119.005597341
T,9,EXPOSITION,117.662436877
T,9,BRUXELLOIS,120.840451128
T,9,BROUSTIN,122.661056936
T,9,ARBRE BALLON,120.272493573
T,9,ANCIENNE BARRIERE,118.070262598
T,19,VEREMAN,93.611983293
T,19,VALIDA,102.552907739
T,19,STUYVENBERGH,92.176139561
T,19,SIMONIS,103.956375557
T,19,SCHWEITZER,90.520464337
T,19,SAINT-LAMBERT,90.787676056
T,19,PLACE R. ASTRID,101.287707838
T,19,MIROIR,96.863197865
T,19,LENOIR,99.794207317
T,19,HUNDERENVELD,115.663621202
T,19,GUILL. DE GREEF,85.902693555
T,19,GOFFIN,102.074364773
T,19,GARE DE JETTE,101.673081355
T,19,ERNEST SALU,86.162441038
T,19,DE WAND,104.288076923
T,19,COLLEGE S.-COEUR,101.334979210
T,19,CIM. DE JETTE,96.340579057
T,19,BROUSTIN,99.121495327
T,19,BOSSAERT-BASILIQ.,105.711049958
T,19,BESME,104.747985519
T,19,AZUR,92.712207588
T,25,VUB,112.75
T,25,ULB,209.478260870
T,25,THOMAS,114.016699689
T,25,SOLBOSCH,184.92
T,25,ROGIER,70.363344051
T,25,ROFFIAEN,111
T,25,ROBIANO,87.834628191
T,25,PETILLON,165.0625
T,25,PATRIE,47.692307692
T,25,MONTGOMERY,175.75
T,25,MEISER,39.444444444
T,25,MARIE-JOSE,197.483870968
T,25,LIEDTS,127.780917812
T,25,LEFRANCQ,83.341890667
T,25,JEANNE,182.456310680
T,25,GEORGES HENRI,134.727272727
T,25,GARE DU NORD,113.673233271
T,25,ETTERBEEK GARE,76.153846154
T,25,DIAMANT,173.190476190
T,25,BUYL,145.666666667
T,25,BRESIL,180.307692308
T,25,BOONDAEL GARE,168
T,25,BOILEAU,154.6
T,25,BIENFAITEURS,27.8
T,25,ARSENAL,218.714285714
T,39,TER MEEREN,120.340986395
T,39,STOCKEL,119.547371266
T,39,RUISSEAU,119.146070076
T,39,RUE AU BOIS,118.334859839
T,39,MUSEE DU TRAM,118.219932298
T,39,MONTGOMERY,91.128603519
T,39,MADOUX,117.743957461
T,39,LOUIS MARCELIS,121.170295924
T,39,LEOPOLD II,121.539906809
T,39,JULES CESAR,118.770426288
T,39,GJ MARTIN,107.106231069
T,39,ESCRIME,119.167505392
T,39,EGLANTIERS,117.865842055
T,39,DE VILLALOBAR,116.861487421
T,39,DE BURBURE,114.381353700
T,39,CHIEN VERT,118.788214624
T,39,BEL-AIR,115.641340782
T,39,BAN-EIK,139.569311940
T,39,AVIATION,121.160919540
T,39,AMITIE,120.981282755
T,44,TROIS COULEURS,121.480961538
T,44,TIR AUX PIGEONS,125.004672058
T,44,TERVUREN STATION,128.936663693
T,44,RAVENSTEIN,121.650678867
T,44,QUATRE BRAS,122.776982097
T,44,OPPEMSTRAAT,123.782620922
T,44,MUSEE DU TRAM,128.359011329
T,44,MONTGOMERY,91.465483585
T,44,MADOUX,119.147393179
T,44,LEOPOLD II,127.828433590
T,44,JULES CESAR,126.370829576
T,44,GJ MARTIN,117.255138801
T,44,DREVE DES BRULES,121.958313926
T,44,DE VILLALOBAR,122.361984626
T,44,CHIEN VERT,126.258465319
T,44,BRUSSELSESTEENWEG,122.268348251
T,44,AUDERGHEM-FORET,119.931396786
T,51,YSER,134.308317892
T,51,WOESTE,98.465448769
T,51,VANDERSTICHELEN,136.831719787
T,51,VANDERKINDERE,117.417352672
T,51,VAN HAELEN,119.845855550
T,51,UCCLE CALEVOET,110.506639428
T,51,STIENON,96.024088542
T,51,STADE,103.752851454
T,51,SAINCTELETTE,134.283198649
T,51,RITTWEGER,111.724687557
T,51,RIBAUCOURT,134.908402021
T,51,PTE D'ANDERLECHT,116.586552799
T,51,PORTE DE NINOVE,112.769777292
T,51,PORTE DE HAL,118.773163468
T,51,PORTE DE FLANDRE,112.567226098
T,51,POLYCL. BRUGMANN,95.463177493
T,51,PARVIS ST-GILLES,117.765818656
T,51,ODON WARLAND,100.064280388
T,51,MESSIDOR,118.635950681
T,51,MARGUERITE DURAS,138.334144610
T,51,LEMONNIER,119.648377689
T,51,JUBILE,135.140257265
T,51,JEANNE HERREMAN,108.099412172
T,51,HORTA,117.607396871
T,51,HOPITAL BRUGMANN,97.614470678
T,51,HEROS,119.063924738
T,51,GUILL. DE GREEF,97.023071577
T,51,GLOBE,112.136425430
T,51,GARE DU MIDI,122.155887887
T,51,ENGELAND,112.599832636
T,51,DEMINEURS,103.616461366
T,51,CREMATORIUM,121.080422040
T,51,CIM. DE JETTE,101.513516896
T,51,BOURDON,110.966379000
T,51,BOETENDAEL,119.605848499
T,51,BERKENDAEL,117.655244132
T,51,BELGICA,100.015429934
T,51,ARTS ET METIERS,117.374546365
T,51,ALBERT,118.665250905
T,55,WAELHEM,89.672468594
T,55,VERBOEKHOVEN,79.239188672
T,55,VAN CUTSEM,69.814015152
T,55,TILLEUL,75.889925032
T,55,THOMAS,106.693452381
T,55,ROGIER,72.307692308
T,55,PAVILLON,81.877700233
T,55,PAIX,74.865744508
T,55,LIEDTS,133.392
T,55,HELMET,85.608304795
T,55,GARE DU NORD,96.984177215
T,55,GALLAIT,110.533802267
T,55,FOYER SCHAERBEEK.,80.2334375
T,55,FONSON,68.845347313
T,55,DA VINCI,77.913166856
T,55,BORDET STATION,79.947737412
T,62,PENTATHLON,191.273331119
T,62,PATRIE,195.150440044
T,62,MEISER,192.567574858
T,62,LEOPOLD III,187.833185605
T,62,LEKAERTS,182.245227606
T,62,FUSEE,177.341603053
T,62,EVERE SHOPPING,184.029695970
T,62,EUROCONTROL,216.737422868
T,62,DA VINCI,182.646842878
T,62,BOURGET,185.485074627
T,62,BIENFAITEURS,196.898048780
T,81,YSAYE,85.124844566
T,81,VAN BEETHOVEN,83.225343694
T,81,TRINITE,85.494280554
T,81,SUEDE,96.210570295
T,81,SAINT-GUIDON,101.915872694
T,81,RESISTANCE,103.178082192
T,81,PLACE ST-PIERRE,94.822295806
T,81,PARC VIVES,84.794435352
T,81,MORIS,86.054474708
T,81,MONTGOMERY,100.264473313
T,81,MERODE,91.045268612
T,81,MEIR,88.055714969
T,81,MARIUS RENARD,94.111736811
T,81,LOMBARDIE,87.138784166
T,81,LEVURE,89.110961969
T,81,LA CHASSE,91.303576888
T,81,JANSON,87.756496456
T,81,ICHEC,256
T,81,GUILLAUME TELL,91.493108201
T,81,GERMOIR,90.114883047
T,81,GARE DU MIDI,89.056426792
T,81,FRANS HALS,84.669306008
T,81,FLAGEY,90.050662972
T,81,EGLISE ST-ANTOINE,90.056904762
T,81,DOUVRES,101.773915387
T,81,DAUTZENBERG,84.612943707
T,81,CUREGHEM,104.337136205
T,81,CONSEIL,89.325771897
T,81,BETHLEEM,87.733149931
T,81,BARRIERE,89.669362512
T,81,BARA,88.169664353
T,81,BAILLI,88.788488701
T,81,AVENUE DU ROI,86.328971649
T,81,ALBERT I,87.317690311
T,81,ACACIAS,90.133716161
T,82,ZAMAN-FOREST NAT.,110.273616680
T,82,WIELS,108.988332087
T,82,VAN ZANDE,105.695753195
T,82,UNION,108.675765731
T,82,TRIANGLE,112.992281568
T,82,SUEDE,112.642683913
T,82,SCHWEITZER,111.707603661
T,82,SAINT-DENIS,109.972836218
T,82,RODTS,106.345049003
T,82,QUATRE-VENTS,105.903861397
T,82,PTE D'ANDERLECHT,112.294286741
T,82,ORBAN,110.384391804
T,82,NEERSTALLE,109.168807339
T,82,MONACO,109.226039783
T,82,MERLO,102.359481916
T,82,MENNEKENS,103.546588320
T,82,MAX WALLER,111.462106648
T,82,LEMONNIER,114.724450776
T,82,KEYENBEMPT,105.232066983
T,82,KARREVELD,102.359698223
T,82,JOSEPH BAECK,105.984623314
T,82,IMPRIMERIE,107.023185674
T,82,GRAND'ROUTE,109.555176038
T,82,GENOT,104.416644960
T,82,GARE DU MIDI,113.177227327
T,82,GARE DE L'OUEST,108.083088432
T,82,GARE DE BERCHEM,144.207962786
T,82,FOREST CENTRE,107.081304412
T,82,DUCHESSE BRABANT,112.591126633
T,82,DROGENBOS,135.803796582
T,82,CIM. DE MOLENBEEK,105.904013785
T,82,CHATAIGNES,110.598782344
T,82,CARREFOUR STALLE,105.956496786
T,82,BERCHEM-SHOPPING,108.787275693
T,82,BEMPT,113.033030434
T,82,AVENUE DU ROI,108.928695007
T,82,ARTS ET METIERS,109.983952362
T,82,ALCYONS,104.351775487
T,92,WOLVENDAEL,120.561585266
T,92,VANDERKINDERE,132.562596600
T,92,THEVENET,125.743557030
T,92,STEPHANIE,122.734214391
T,92,SAINTE-MARIE,117.914870690
T,92,ROYALE,101.756631512
T,92,POELAERT,103.379230053
T,92,PLACE SAINT-JOB,117.784802242
T,92,PETIT SABLON,105.023164336
T,92,PARC,104.168344952
T,92,PALAIS,106.885389856
T,92,MOLIERE,151.561326658
T,92,MESSIDOR,128.611537281
T,92,MARLOW,120.615348837
T,92,MA CAMPAGNE,148.254135079
T,92,LOUISE,107.791574279
T,92,LANCASTER,123.435617104
T,92,JANSON,130.426257704
T,92,HEROS,126.475277497
T,92,GILLON,105.419301471
T,92,GARE DE SAINT-JOB,112.251955537
T,92,FORT-JACO,95.176470588
T,92,FAIDER,125.244358300
T,92,DIEWEG,117.166449511
T,92,DARWIN,145.451414514
T,92,CONGRES,104.453630101
T,92,BOTANIQUE,107.728062845
T,92,BOETENDAEL,126.507174888
T,92,ALPHONSE XIII,113.590183464
T,93,VLEURGAT,88.587870968
T,93,STIENON,101.058075701
T,93,STEPHANIE,89.879840413
T,93,STADE,114.066084314
T,93,SAINTE-MARIE,88.521189121
T,93,ROYALE,94.670603015
T,93,PRINC. CLEMENTINE,101.827477714
T,93,POLYCL. BRUGMANN,100.444227642
T,93,POELAERT,90.740818155
T,93,PETIT SABLON,87.552173913
T,93,PARC,93.662185603
T,93,PALAIS,90.318800140
T,93,MOORSLEDE,98.574393109
T,93,MASUI,110.944232923
T,93,MARIE-CHRISTINE,129.760530750
T,93,LOUISE,86.651272124
T,93,LIEDTS,125.487746404
T,93,LEGRAND,105.348087925
T,93,LEFRANCQ,94.577848723
T,93,JULES DE TROOZ,101.667177914
T,93,JACOBS FONTAINE,98.966026588
T,93,HOPITAL BRUGMANN,100.431434297
T,93,GUILL. DE GREEF,98.940840114
T,93,GILLON,94.826546801
T,93,FOYER JETTOIS,96.785512367
T,93,DEFACQZ,89.706955530
T,93,CONGRES,96.163243007
T,93,CIM. DE JETTE,100.782441016
T,93,BOTANIQUE,97.219929405
T,93,BOCKSTAEL,104.525835276
T,93,BAILLI,85.466392830
T,93,ABBAYE,86.191273162
T,97,ZAMAN-FOREST NAT.,134.212838802
T,97,WOLVENDAEL,128.632104719
T,97,WIELS,130.982660391
T,97,WAGON,122.452549020
T,97,UNION,139.239149306
T,97,STEPHANIE,160.624427918
T,97,SAINT-DENIS,127.905154639
T,97,ROCHEFORT,126.096391888
T,97,NEERSTALLE,125.892752854
T,97,MORIS,129.229032258
T,97,MONACO,133.895439739
T,97,MERLO,123.990384615
T,97,MAX WALLER,133.068143101
T,97,MARLOW,120.032627361
T,97,LOUISE,129.321692081
T,97,LOMBARDIE,130.445284803
T,97,JANSON,129.752445448
T,97,GLOBE,125.457353527
T,97,FOREST CENTRE,126.994476525
T,97,FAIDER,160.435867673
T,97,EGIDE VAN OPHEM,125.522623400
T,97,DIEWEG,142.870305538
T,97,COMBAZ,128.490307868
T,97,CHATAIGNES,133.786428196
T,97,CARREFOUR STALLE,132.244041111
T,97,BERTHELOT,126.201194399
T,97,BEMPT,131.244147999
T,97,BARRIERE,134.141185855
