Time of the day,Hour of Time,Mode,Line Id,Avg. Delay Seconds
Afternoon,13,B,98,139.823268206
Afternoon,13,B,95,80.052430644
Afternoon,13,B,89,139.063457568
Afternoon,13,B,88,141.946272143
Afternoon,13,B,87,96.998101146
Afternoon,13,B,86,138.425854783
Afternoon,13,B,83,153.803864050
Afternoon,13,B,80,99.734043834
Afternoon,13,B,79,126.436200378
Afternoon,13,B,78,129.241362043
Afternoon,13,B,77,619.888888889
Afternoon,13,B,76,171.582625118
Afternoon,13,B,75,137.011302096
Afternoon,13,B,74,107.437792595
Afternoon,13,B,72,115.692883895
Afternoon,13,B,71,70.978418060
Afternoon,13,B,70,161.097596717
Afternoon,13,B,66,95.443088277
Afternoon,13,B,65,91.850245150
Afternoon,13,B,64,132.599035370
Afternoon,13,B,63,115.396612635
Afternoon,13,B,61,138.813344739
Afternoon,13,B,60,124.295116093
Afternoon,13,B,59,130.486783750
Afternoon,13,B,58,127.036719190
Afternoon,13,B,57,200.176628446
Afternoon,13,B,56,144.019352014
Afternoon,13,B,54,93.378627101
Afternoon,13,B,53,90.786819900
Afternoon,13,B,50,116.365680763
Afternoon,13,B,49,76.067115552
Afternoon,13,B,48,111.386310124
Afternoon,13,B,47,105.364256027
Afternoon,13,B,46,53.751280756
Afternoon,13,B,45,106.683201200
Afternoon,13,B,43,178.845337073
Afternoon,13,B,42,107.320943135
Afternoon,13,B,41,130.987652699
Afternoon,13,B,38,118.889305816
Afternoon,13,B,37,179.869467028
Afternoon,13,B,36,141.887720384
Afternoon,13,B,34,101.282445881
Afternoon,13,B,33,195.609777015
Afternoon,13,B,29,111.430066002
Afternoon,13,B,28,128.522312508
Afternoon,13,B,27,126.793539744
Afternoon,13,B,21,115.085245902
Afternoon,13,B,20,129.555444804
Afternoon,13,B,17,140.505282144
Afternoon,13,B,14,140.368321513
Afternoon,13,B,13,132.609713538
Afternoon,13,B,12,137.434426230
Afternoon,13,M,6,140.177256115
Afternoon,13,M,5,111.204518430
Afternoon,13,M,2,109.441009275
Afternoon,13,M,1,108.484886049
Afternoon,13,T,97,112.065529816
Afternoon,13,T,93,80.373837981
Afternoon,13,T,92,105.048505847
Afternoon,13,T,82,97.307701132
Afternoon,13,T,81,72.052704099
Afternoon,13,T,62,204.755571031
Afternoon,13,T,55,56.940434478
Afternoon,13,T,51,86.602993615
Afternoon,13,T,44,103.716377507
Afternoon,13,T,39,101.987775289
Afternoon,13,T,25,105.388117284
Afternoon,13,T,19,71.407131893
Afternoon,13,T,9,121.889682816
Afternoon,13,T,8,100.363036490
Afternoon,13,T,7,77.990069104
Afternoon,13,T,4,72.753819742
Afternoon,13,T,3,82.017901296
Afternoon,14,B,98,172.420693021
Afternoon,14,B,95,76.935515457
Afternoon,14,B,89,140.196760724
Afternoon,14,B,88,152.267519933
Afternoon,14,B,87,89.315701397
Afternoon,14,B,86,143.494561934
Afternoon,14,B,83,152.690422011
Afternoon,14,B,80,95.832251863
Afternoon,14,B,79,145.436315264
Afternoon,14,B,78,127.419296117
Afternoon,14,B,77,190.370455857
Afternoon,14,B,76,151.422469824
Afternoon,14,B,75,194.891349965
Afternoon,14,B,74,133.672086721
Afternoon,14,B,72,193.407692308
Afternoon,14,B,71,71.741304222
Afternoon,14,B,70,172.200379267
Afternoon,14,B,69,434.240841777
Afternoon,14,B,66,111.927144705
Afternoon,14,B,65,87.222161691
Afternoon,14,B,64,112.992210682
Afternoon,14,B,63,121.832609482
Afternoon,14,B,61,121.880296409
Afternoon,14,B,60,125.971714643
Afternoon,14,B,59,115.541623417
Afternoon,14,B,58,133.647170838
Afternoon,14,B,57,222.623623624
Afternoon,14,B,56,144.999060856
Afternoon,14,B,54,110.358712580
Afternoon,14,B,53,99.726742266
Afternoon,14,B,50,151.066311652
Afternoon,14,B,49,74.287497749
Afternoon,14,B,48,123.194073377
Afternoon,14,B,47,116.720208184
Afternoon,14,B,46,61.370787427
Afternoon,14,B,45,103.370308697
Afternoon,14,B,43,176.153733363
Afternoon,14,B,42,103.958454387
Afternoon,14,B,41,146.236754466
Afternoon,14,B,38,118.514078328
Afternoon,14,B,37,190.579919028
Afternoon,14,B,36,143.731728570
Afternoon,14,B,34,105.989177025
Afternoon,14,B,33,175.046574116
Afternoon,14,B,29,126.002711586
Afternoon,14,B,28,148.053326003
Afternoon,14,B,27,186.191451832
Afternoon,14,B,21,127.163260698
Afternoon,14,B,20,116.897248204
Afternoon,14,B,17,129.838970801
Afternoon,14,B,14,130.480265729
Afternoon,14,B,13,138.506302177
Afternoon,14,B,12,155.036101795
Afternoon,14,M,6,144.174820436
Afternoon,14,M,5,108.405337901
Afternoon,14,M,2,114.745171340
Afternoon,14,M,1,111.785035971
Afternoon,14,T,97,116.940328021
Afternoon,14,T,93,84.486232055
Afternoon,14,T,92,100.071210967
Afternoon,14,T,82,92.073638614
Afternoon,14,T,81,73.239656590
Afternoon,14,T,62,165.490899212
Afternoon,14,T,55,60.735195242
Afternoon,14,T,51,82.387837462
Afternoon,14,T,44,96.075317855
Afternoon,14,T,39,98.689959583
Afternoon,14,T,25,99.521015067
Afternoon,14,T,19,83.987929708
Afternoon,14,T,9,119.548170848
Afternoon,14,T,8,94.607157844
Afternoon,14,T,7,83.313910506
Afternoon,14,T,4,81.417259066
Afternoon,14,T,3,90.291687811
Afternoon,15,B,98,193.796203796
Afternoon,15,B,95,67.156981437
Afternoon,15,B,89,118.133754922
Afternoon,15,B,88,137.488145049
Afternoon,15,B,87,92.859857309
Afternoon,15,B,86,121.652918210
Afternoon,15,B,83,125.053433429
Afternoon,15,B,80,92.903724318
Afternoon,15,B,79,150.381582953
Afternoon,15,B,78,124.553398058
Afternoon,15,B,77,147.140167364
Afternoon,15,B,76,130.847766636
Afternoon,15,B,75,168.524069244
Afternoon,15,B,74,142.976421235
Afternoon,15,B,72,127.066124110
Afternoon,15,B,71,68.773833902
Afternoon,15,B,70,145.531048047
Afternoon,15,B,69,100.405841325
Afternoon,15,B,66,93.969516420
Afternoon,15,B,65,89.981613165
Afternoon,15,B,64,87.921664388
Afternoon,15,B,63,123.284792322
Afternoon,15,B,61,123.088586387
Afternoon,15,B,60,140.258030067
Afternoon,15,B,59,103.567342799
Afternoon,15,B,58,118.764478249
Afternoon,15,B,57,152.893510528
Afternoon,15,B,56,146.831522775
Afternoon,15,B,54,118.214216321
Afternoon,15,B,53,110.777492649
Afternoon,15,B,50,145.138362488
Afternoon,15,B,49,76.423846109
Afternoon,15,B,48,103.564708087
Afternoon,15,B,47,104.256614715
Afternoon,15,B,46,62.996880250
Afternoon,15,B,45,84.878700941
Afternoon,15,B,43,158.647237538
Afternoon,15,B,42,94.833513514
Afternoon,15,B,41,125.089531095
Afternoon,15,B,38,105.528605787
Afternoon,15,B,37,173.688328277
Afternoon,15,B,36,144.947311596
Afternoon,15,B,34,94.792498005
Afternoon,15,B,33,187.229047619
Afternoon,15,B,29,105.865962940
Afternoon,15,B,28,132.845847705
Afternoon,15,B,27,176.536572272
Afternoon,15,B,21,136.946157980
Afternoon,15,B,20,104.104552673
Afternoon,15,B,17,115.665819209
Afternoon,15,B,14,124.916066838
Afternoon,15,B,13,126.417236445
Afternoon,15,B,12,149.550347858
Afternoon,15,M,6,142.313525244
Afternoon,15,M,5,66.359901635
Afternoon,15,M,2,110.217228074
Afternoon,15,M,1,70.526814760
Afternoon,15,T,97,100.274432810
Afternoon,15,T,93,84.658539276
Afternoon,15,T,92,93.502430704
Afternoon,15,T,82,83.182814278
Afternoon,15,T,81,69.692989672
Afternoon,15,T,62,148.539284782
Afternoon,15,T,55,58.858419058
Afternoon,15,T,51,85.762327507
Afternoon,15,T,44,99.615778547
Afternoon,15,T,39,88.623994854
Afternoon,15,T,25,83.995762712
Afternoon,15,T,19,62.299447068
Afternoon,15,T,9,83.285823755
Afternoon,15,T,8,84.009832731
Afternoon,15,T,7,82.308691886
Afternoon,15,T,4,77.399185697
Afternoon,15,T,3,89.060672772
Afternoon,16,B,98,157.325047801
Afternoon,16,B,95,67.979497812
Afternoon,16,B,89,124.868005558
Afternoon,16,B,88,120.565511793
Afternoon,16,B,87,88.361690141
Afternoon,16,B,86,113.539249868
Afternoon,16,B,83,132.308125677
Afternoon,16,B,80,103.537149591
Afternoon,16,B,79,147.521683469
Afternoon,16,B,78,116.396103896
Afternoon,16,B,77,137.838709677
Afternoon,16,B,76,143.742528736
Afternoon,16,B,75,124.243612730
Afternoon,16,B,74,145.679091439
Afternoon,16,B,72,138.945412311
Afternoon,16,B,71,63.468824730
Afternoon,16,B,70,161.021391822
Afternoon,16,B,69,56.5
Afternoon,16,B,66,88.821780803
Afternoon,16,B,65,83.002287854
Afternoon,16,B,64,92.558009765
Afternoon,16,B,63,87.867308418
Afternoon,16,B,61,130.618070711
Afternoon,16,B,60,135.085570470
Afternoon,16,B,59,112.608506188
Afternoon,16,B,58,120.460640643
Afternoon,16,B,57,106.134140062
Afternoon,16,B,56,166.930969623
Afternoon,16,B,54,105.074371950
Afternoon,16,B,53,104.882848304
Afternoon,16,B,50,138.929139923
Afternoon,16,B,49,83.735439148
Afternoon,16,B,48,100.746944518
Afternoon,16,B,47,100.369845823
Afternoon,16,B,46,53.640479469
Afternoon,16,B,45,85.795873164
Afternoon,16,B,43,146.685407100
Afternoon,16,B,42,91.810943644
Afternoon,16,B,41,142.972013759
Afternoon,16,B,38,85.228003289
Afternoon,16,B,37,160.161952915
Afternoon,16,B,36,119.099804941
Afternoon,16,B,34,88.351390922
Afternoon,16,B,33,171.495460441
Afternoon,16,B,29,96.776405094
Afternoon,16,B,28,113.797279793
Afternoon,16,B,27,134.337109768
Afternoon,16,B,21,150.431565082
Afternoon,16,B,20,97.286402570
Afternoon,16,B,17,112.656845238
Afternoon,16,B,14,121.974472659
Afternoon,16,B,13,121.535470225
Afternoon,16,B,12,119.623968736
Afternoon,16,M,6,151.217287808
Afternoon,16,M,5,64.711719839
Afternoon,16,M,2,104.557253676
Afternoon,16,M,1,65.408811144
Afternoon,16,T,97,95.081994526
Afternoon,16,T,93,85.333333333
Afternoon,16,T,92,83.174417620
Afternoon,16,T,82,84.636213106
Afternoon,16,T,81,68.026937120
Afternoon,16,T,62,182.848831548
Afternoon,16,T,55,62.618773063
Afternoon,16,T,51,86.123415298
Afternoon,16,T,44,86.838065523
Afternoon,16,T,39,84.873384076
Afternoon,16,T,25,67.508628520
Afternoon,16,T,19,60.246215385
Afternoon,16,T,9,63.746622855
Afternoon,16,T,8,81.145380059
Afternoon,16,T,7,74.102979366
Afternoon,16,T,4,63.568537259
Afternoon,16,T,3,72.034091939
Afternoon,17,B,98,167.908413999
Afternoon,17,B,95,68.737242005
Afternoon,17,B,89,142.197465855
Afternoon,17,B,88,147.219148631
Afternoon,17,B,87,90.231518507
Afternoon,17,B,86,121.962664277
Afternoon,17,B,83,142.747579255
Afternoon,17,B,80,103.526007073
Afternoon,17,B,79,144.750405478
Afternoon,17,B,78,130.620900076
Afternoon,17,B,76,82.594348222
Afternoon,17,B,75,131.068657550
Afternoon,17,B,74,154.711631231
Afternoon,17,B,72,143.257876313
Afternoon,17,B,71,62.021492678
Afternoon,17,B,70,141.023367953
Afternoon,17,B,66,95.211803533
Afternoon,17,B,65,84.198913181
Afternoon,17,B,64,102.445833333
Afternoon,17,B,63,94.795541485
Afternoon,17,B,61,119.886875343
Afternoon,17,B,60,132.562494032
Afternoon,17,B,59,121.604678639
Afternoon,17,B,58,117.660491628
Afternoon,17,B,57,95.403225806
Afternoon,17,B,56,149.877694677
Afternoon,17,B,54,104.051438240
Afternoon,17,B,53,105.215169811
Afternoon,17,B,50,134.996315687
Afternoon,17,B,49,79.361845362
Afternoon,17,B,48,108.133987496
Afternoon,17,B,47,98.261094473
Afternoon,17,B,46,54.985227700
Afternoon,17,B,45,99.111956522
Afternoon,17,B,43,129.414904943
Afternoon,17,B,42,135.494172494
Afternoon,17,B,41,146.601104972
Afternoon,17,B,38,79.605745419
Afternoon,17,B,37,142.512710039
Afternoon,17,B,36,131.751373810
Afternoon,17,B,34,93.594909711
Afternoon,17,B,33,144.997717937
Afternoon,17,B,29,85.987848682
Afternoon,17,B,28,110.720665855
Afternoon,17,B,27,133.029202409
Afternoon,17,B,21,144.080380673
Afternoon,17,B,20,110.342711480
Afternoon,17,B,17,111.301204819
Afternoon,17,B,14,143.982327952
Afternoon,17,B,13,110.175474393
Afternoon,17,B,12,133.544498212
Afternoon,17,M,6,104.718903138
Afternoon,17,M,5,53.499507308
Afternoon,17,M,2,93.761546185
Afternoon,17,M,1,54.100132920
Afternoon,17,T,97,94.179891510
Afternoon,17,T,93,85.352247531
Afternoon,17,T,92,91.167533819
Afternoon,17,T,82,86.095865922
Afternoon,17,T,81,71.057180542
Afternoon,17,T,62,206.899295591
Afternoon,17,T,55,58.321287779
Afternoon,17,T,51,87.977470464
Afternoon,17,T,44,98.272084806
Afternoon,17,T,39,89.082242991
Afternoon,17,T,25,79.484654731
Afternoon,17,T,19,74.271155498
Afternoon,17,T,9,72.215480649
Afternoon,17,T,8,78.542053060
Afternoon,17,T,7,78.854080057
Afternoon,17,T,4,59.706765126
Afternoon,17,T,3,63.702397743
Earlymorning,4,B,95,850.370370370
Earlymorning,4,B,89,708.918149466
Earlymorning,4,B,87,369.358056266
Earlymorning,4,B,86,778.726618705
Earlymorning,4,B,83,925.333333333
Earlymorning,4,B,80,644.275362319
Earlymorning,4,B,71,485.349720670
Earlymorning,4,B,66,665.940042827
Earlymorning,4,B,65,311.838293651
Earlymorning,4,B,64,722.85625
Earlymorning,4,B,63,950.088235294
Earlymorning,4,B,59,470.762246897
Earlymorning,4,B,58,895.986486486
Earlymorning,4,B,56,393.823253389
Earlymorning,4,B,53,790.743859649
Earlymorning,4,B,50,651.730620155
Earlymorning,4,B,49,928.769230769
Earlymorning,4,B,48,575.652173913
Earlymorning,4,B,47,636.146596859
Earlymorning,4,B,46,475.910614525
Earlymorning,4,B,45,938.833333333
Earlymorning,4,B,42,677.082191781
Earlymorning,4,B,27,514.591
Earlymorning,4,B,21,426.470213997
Earlymorning,4,B,20,757.75
Earlymorning,4,B,17,649.122065728
Earlymorning,4,B,14,485.018656716
Earlymorning,4,B,12,612.598853868
Earlymorning,4,M,5,567.130353818
Earlymorning,4,T,97,720.770083102
Earlymorning,4,T,92,966
Earlymorning,4,T,82,516.315726291
Earlymorning,4,T,81,577.985207101
Earlymorning,4,T,62,446.056016598
Earlymorning,4,T,55,343.807183365
Earlymorning,4,T,51,503.792630677
Earlymorning,4,T,44,624.388235294
Earlymorning,4,T,25,449.703389831
Earlymorning,4,T,19,559.554227941
Earlymorning,4,T,9,458.474489796
Earlymorning,4,T,8,631.737400531
Earlymorning,4,T,7,382.020785660
Earlymorning,4,T,4,723.769230769
Earlymorning,4,T,3,518.381832179
Earlymorning,5,B,98,340.741830065
Earlymorning,5,B,95,314.959755031
Earlymorning,5,B,89,271.300827781
Earlymorning,5,B,88,438.160861759
Earlymorning,5,B,87,307.664432801
Earlymorning,5,B,86,357.155082635
Earlymorning,5,B,83,428.813072174
Earlymorning,5,B,80,322.633687259
Earlymorning,5,B,79,346.169614984
Earlymorning,5,B,78,365.122834646
Earlymorning,5,B,76,792.254901961
Earlymorning,5,B,75,703.762711864
Earlymorning,5,B,74,386.656382568
Earlymorning,5,B,71,260.195099541
Earlymorning,5,B,70,499.266968326
Earlymorning,5,B,66,293.659194987
Earlymorning,5,B,65,239.834358659
Earlymorning,5,B,64,245.273673036
Earlymorning,5,B,63,345.122546322
Earlymorning,5,B,61,546.465665236
Earlymorning,5,B,60,348.253740847
Earlymorning,5,B,59,263.065179353
Earlymorning,5,B,58,269.456315884
Earlymorning,5,B,57,358.055220565
Earlymorning,5,B,56,281.588701162
Earlymorning,5,B,54,413.177076184
Earlymorning,5,B,53,325.711494253
Earlymorning,5,B,50,319.461708645
Earlymorning,5,B,49,363.148444444
Earlymorning,5,B,48,319.781254634
Earlymorning,5,B,47,328.722114920
Earlymorning,5,B,46,236.415940421
Earlymorning,5,B,45,329.752023860
Earlymorning,5,B,43,470.886241811
Earlymorning,5,B,42,359.898894155
Earlymorning,5,B,41,425.631081081
Earlymorning,5,B,38,433.750423490
Earlymorning,5,B,37,578.466542751
Earlymorning,5,B,36,486.047398844
Earlymorning,5,B,34,437.795247725
Earlymorning,5,B,29,355.144524237
Earlymorning,5,B,28,387.960134285
Earlymorning,5,B,27,279.611257530
Earlymorning,5,B,21,340.019311876
Earlymorning,5,B,20,298.534200260
Earlymorning,5,B,17,456.404017857
Earlymorning,5,B,14,328.897011608
Earlymorning,5,B,13,369.695270786
Earlymorning,5,B,12,347.263495769
Earlymorning,5,M,6,314.549933422
Earlymorning,5,M,5,260.633352976
Earlymorning,5,M,2,450.604640785
Earlymorning,5,M,1,288.197105553
Earlymorning,5,T,97,286.711045973
Earlymorning,5,T,93,269.360046012
Earlymorning,5,T,92,330.789129274
Earlymorning,5,T,82,276.933994748
Earlymorning,5,T,81,261.169868233
Earlymorning,5,T,62,330.771586559
Earlymorning,5,T,55,182.304451240
Earlymorning,5,T,51,296.777141479
Earlymorning,5,T,44,291.137318564
Earlymorning,5,T,39,321.688673139
Earlymorning,5,T,25,184.506976744
Earlymorning,5,T,19,258.159296710
Earlymorning,5,T,9,323.728452862
Earlymorning,5,T,8,329.042561751
Earlymorning,5,T,7,171.372486057
Earlymorning,5,T,4,291.147624565
Earlymorning,5,T,3,247.039885057
Earlymorning,6,B,98,356.456741573
Earlymorning,6,B,95,157.281992883
Earlymorning,6,B,89,213.260097176
Earlymorning,6,B,88,293.498851535
Earlymorning,6,B,87,183.137347055
Earlymorning,6,B,86,224.620860927
Earlymorning,6,B,83,229.127880943
Earlymorning,6,B,80,151.282311978
Earlymorning,6,B,79,181.985716869
Earlymorning,6,B,78,151.034003091
Earlymorning,6,B,77,949.588235294
Earlymorning,6,B,76,270.099403579
Earlymorning,6,B,75,331.321009390
Earlymorning,6,B,74,215.382095362
Earlymorning,6,B,71,127.274592281
Earlymorning,6,B,70,282.595165004
Earlymorning,6,B,69,344.905547226
Earlymorning,6,B,66,191.379210314
Earlymorning,6,B,65,159.402744912
Earlymorning,6,B,64,114.677912493
Earlymorning,6,B,63,167.740088977
Earlymorning,6,B,61,225.951544518
Earlymorning,6,B,60,224.331200742
Earlymorning,6,B,59,147.589590619
Earlymorning,6,B,58,151.714962121
Earlymorning,6,B,57,143.356572541
Earlymorning,6,B,56,196.499384581
Earlymorning,6,B,54,252.607238606
Earlymorning,6,B,53,150.746609389
Earlymorning,6,B,50,177.333952823
Earlymorning,6,B,49,157.651154629
Earlymorning,6,B,48,153.851726409
Earlymorning,6,B,47,168.561501763
Earlymorning,6,B,46,114.022891946
Earlymorning,6,B,45,233.046323529
Earlymorning,6,B,43,292.681493135
Earlymorning,6,B,42,169.494946092
Earlymorning,6,B,41,228.946555819
Earlymorning,6,B,38,198.343769681
Earlymorning,6,B,37,254.728115727
Earlymorning,6,B,36,215.300213390
Earlymorning,6,B,34,170.248357099
Earlymorning,6,B,29,183.341780755
Earlymorning,6,B,28,220.556538990
Earlymorning,6,B,27,233.235657956
Earlymorning,6,B,21,213.342323131
Earlymorning,6,B,20,178.256989787
Earlymorning,6,B,17,250.638480392
Earlymorning,6,B,14,176.521572670
Earlymorning,6,B,13,234.033928571
Earlymorning,6,B,12,237.294679123
Earlymorning,6,M,6,152.114083458
Earlymorning,6,M,5,81.531334480
Earlymorning,6,M,2,130.463771455
Earlymorning,6,M,1,90.546315223
Earlymorning,6,T,97,146.900584084
Earlymorning,6,T,93,90.316782407
Earlymorning,6,T,92,155.768201079
Earlymorning,6,T,82,142.944416010
Earlymorning,6,T,81,105.027440970
Earlymorning,6,T,62,215.459105780
Earlymorning,6,T,55,101.116086235
Earlymorning,6,T,51,168.279458284
Earlymorning,6,T,44,189.810642093
Earlymorning,6,T,39,177.639489739
Earlymorning,6,T,25,94.608021878
Earlymorning,6,T,19,112.880527638
Earlymorning,6,T,9,172.401169084
Earlymorning,6,T,8,177.538481796
Earlymorning,6,T,7,87.675068795
Earlymorning,6,T,4,125.004677451
Earlymorning,6,T,3,145.248409704
Earlymorning,7,B,98,273.555963303
Earlymorning,7,B,95,86.041062802
Earlymorning,7,B,89,162.303478609
Earlymorning,7,B,88,185.379255254
Earlymorning,7,B,87,114.261567055
Earlymorning,7,B,86,151.697928749
Earlymorning,7,B,83,183.492404227
Earlymorning,7,B,80,140.137049530
Earlymorning,7,B,79,188.416486327
Earlymorning,7,B,78,119.704203013
Earlymorning,7,B,76,248.773955774
Earlymorning,7,B,75,200.719575201
Earlymorning,7,B,74,168.103202847
Earlymorning,7,B,72,162.877659574
Earlymorning,7,B,71,90.570486815
Earlymorning,7,B,70,177.309019044
Earlymorning,7,B,69,76.918604651
Earlymorning,7,B,66,131.471841968
Earlymorning,7,B,65,125.804850178
Earlymorning,7,B,64,112.716658757
Earlymorning,7,B,63,117.313273223
Earlymorning,7,B,61,176.410390324
Earlymorning,7,B,60,184.799124514
Earlymorning,7,B,59,142.494594595
Earlymorning,7,B,58,145.453414469
Earlymorning,7,B,57,100.684736091
Earlymorning,7,B,56,165.135315814
Earlymorning,7,B,54,133.387630129
Earlymorning,7,B,53,136.648513808
Earlymorning,7,B,50,152.101895252
Earlymorning,7,B,49,98.458816892
Earlymorning,7,B,48,121.894872069
Earlymorning,7,B,47,100.613465730
Earlymorning,7,B,46,105.245947397
Earlymorning,7,B,45,119.425925926
Earlymorning,7,B,43,164.546189693
Earlymorning,7,B,42,112.649606299
Earlymorning,7,B,41,156.498280098
Earlymorning,7,B,38,112.747709163
Earlymorning,7,B,37,166.248693205
Earlymorning,7,B,36,172.316666667
Earlymorning,7,B,34,103.272493242
Earlymorning,7,B,33,230.152157456
Earlymorning,7,B,29,139.297907040
Earlymorning,7,B,28,147.472510863
Earlymorning,7,B,27,166.556854611
Earlymorning,7,B,21,193.219294577
Earlymorning,7,B,20,150.661857252
Earlymorning,7,B,17,211.072050938
Earlymorning,7,B,14,147.668035376
Earlymorning,7,B,13,170.091992188
Earlymorning,7,B,12,171.320431350
Earlymorning,7,M,6,151.290784731
Earlymorning,7,M,5,71.361162547
Earlymorning,7,M,2,99.117863297
Earlymorning,7,M,1,72.110129310
Earlymorning,7,T,97,147.843918068
Earlymorning,7,T,93,89.204255767
Earlymorning,7,T,92,106.306835937
Earlymorning,7,T,82,108.227435326
Earlymorning,7,T,81,63.847346514
Earlymorning,7,T,62,223.960074860
Earlymorning,7,T,55,81.162580645
Earlymorning,7,T,51,101.290492278
Earlymorning,7,T,44,110.770822281
Earlymorning,7,T,39,109.864805931
Earlymorning,7,T,25,105.366940211
Earlymorning,7,T,19,86.404270463
Earlymorning,7,T,9,108.076576577
Earlymorning,7,T,8,117.848281643
Earlymorning,7,T,7,80.094941543
Earlymorning,7,T,4,79.821761219
Earlymorning,7,T,3,100.720095955
Earlymorning,8,B,98,176.962895928
Earlymorning,8,B,95,83.474404550
Earlymorning,8,B,89,151.309474687
Earlymorning,8,B,88,144.924052271
Earlymorning,8,B,87,95.235248969
Earlymorning,8,B,86,151.405446756
Earlymorning,8,B,83,139.806349206
Earlymorning,8,B,80,123.662296801
Earlymorning,8,B,79,156.044924489
Earlymorning,8,B,78,121.189791517
Earlymorning,8,B,76,158.083870968
Earlymorning,8,B,75,164.239852399
Earlymorning,8,B,74,161.042058070
Earlymorning,8,B,72,119.391640867
Earlymorning,8,B,71,78.487928349
Earlymorning,8,B,70,154.298177083
Earlymorning,8,B,66,113.449147442
Earlymorning,8,B,65,116.533813987
Earlymorning,8,B,64,104.469601013
Earlymorning,8,B,63,99.376123697
Earlymorning,8,B,61,153.981315587
Earlymorning,8,B,60,156.094124885
Earlymorning,8,B,59,114.367713004
Earlymorning,8,B,58,131.008742194
Earlymorning,8,B,57,99.500217297
Earlymorning,8,B,56,145.590965042
Earlymorning,8,B,54,117.169541871
Earlymorning,8,B,53,127.416894741
Earlymorning,8,B,50,138.816170862
Earlymorning,8,B,49,98.076460897
Earlymorning,8,B,48,108.917578168
Earlymorning,8,B,47,95.956544780
Earlymorning,8,B,46,90.736618972
Earlymorning,8,B,45,123.006116208
Earlymorning,8,B,43,134.329027576
Earlymorning,8,B,42,114.598930481
Earlymorning,8,B,41,151.213390501
Earlymorning,8,B,38,96.066128030
Earlymorning,8,B,37,206.449119598
Earlymorning,8,B,36,140.669083098
Earlymorning,8,B,34,112.465082585
Earlymorning,8,B,33,158.390760346
Earlymorning,8,B,29,113.355145575
Earlymorning,8,B,28,129.520522731
Earlymorning,8,B,27,144.930010173
Earlymorning,8,B,21,168.636677681
Earlymorning,8,B,20,137.107881028
Earlymorning,8,B,17,143.358676522
Earlymorning,8,B,14,123.661056936
Earlymorning,8,B,13,150.228213978
Earlymorning,8,B,12,143.048192771
Earlymorning,8,M,6,122.245425984
Earlymorning,8,M,5,66.925481128
Earlymorning,8,M,2,109.769961977
Earlymorning,8,M,1,66.200264443
Earlymorning,8,T,97,131.653599606
Earlymorning,8,T,93,88.583975535
Earlymorning,8,T,92,100.735146022
Earlymorning,8,T,82,94.536959554
Earlymorning,8,T,81,71.374942844
Earlymorning,8,T,62,183.048968278
Earlymorning,8,T,55,70.045259939
Earlymorning,8,T,51,98.322286810
Earlymorning,8,T,44,105.177917853
Earlymorning,8,T,39,109.054785021
Earlymorning,8,T,25,105.206097561
Earlymorning,8,T,19,85.231536503
Earlymorning,8,T,9,104.026965654
Earlymorning,8,T,8,98.139215686
Earlymorning,8,T,7,78.979794246
Earlymorning,8,T,4,73.394779366
Earlymorning,8,T,3,77.573415413
Latenight,21,B,95,132.192307692
Latenight,21,B,89,176.856079404
Latenight,21,B,88,154.141638225
Latenight,21,B,87,198.782658960
Latenight,21,B,86,123.690305977
Latenight,21,B,83,151.702340183
Latenight,21,B,80,138.277313789
Latenight,21,B,79,113.924247329
Latenight,21,B,78,275.025423729
Latenight,21,B,75,112.700493305
Latenight,21,B,74,143.492361111
Latenight,21,B,71,135.733296824
Latenight,21,B,66,108.770714738
Latenight,21,B,65,103.522505923
Latenight,21,B,64,207.781976744
Latenight,21,B,63,174.046343071
Latenight,21,B,61,84.433979686
Latenight,21,B,60,181.385145003
Latenight,21,B,59,130.625431928
Latenight,21,B,56,123.423106498
Latenight,21,B,54,133.803034071
Latenight,21,B,53,143.740944882
Latenight,21,B,50,244.759305994
Latenight,21,B,49,139.584991993
Latenight,21,B,48,146.043098745
Latenight,21,B,47,88.395202517
Latenight,21,B,46,157.163850813
Latenight,21,B,45,100.892773893
Latenight,21,B,43,76.314054726
Latenight,21,B,42,93.276931447
Latenight,21,B,41,137.985197368
Latenight,21,B,38,152.254342137
Latenight,21,B,37,97.480825959
Latenight,21,B,36,122.616641255
Latenight,21,B,34,152.136825645
Latenight,21,B,33,122.295332136
Latenight,21,B,29,191.225308160
Latenight,21,B,28,101.175414365
Latenight,21,B,27,132.923714760
Latenight,21,B,21,148.775041051
Latenight,21,B,20,115.085283251
Latenight,21,B,17,99.716399507
Latenight,21,B,14,201.884625925
Latenight,21,B,13,188.485680659
Latenight,21,B,12,159.956781915
Latenight,21,M,6,129.676429004
Latenight,21,M,5,119.219011612
Latenight,21,M,2,152.940452333
Latenight,21,M,1,126.766225583
Latenight,21,T,97,142.354891864
Latenight,21,T,93,113.774128686
Latenight,21,T,92,106.788943691
Latenight,21,T,82,127.225634313
Latenight,21,T,81,150.105846042
Latenight,21,T,62,164.573234201
Latenight,21,T,55,168.244246474
Latenight,21,T,51,130.278147532
Latenight,21,T,44,124.895800317
Latenight,21,T,39,130.747067669
Latenight,21,T,25,75.331450094
Latenight,21,T,19,127.628094184
Latenight,21,T,9,133.495004163
Latenight,21,T,8,110.377716742
Latenight,21,T,7,94.901189012
Latenight,21,T,4,114.202465624
Latenight,21,T,3,137.152074648
Latenight,22,B,95,139.490674319
Latenight,22,B,89,248.049257232
Latenight,22,B,88,123.994845361
Latenight,22,B,87,148.133975482
Latenight,22,B,86,211.294960212
Latenight,22,B,83,137.578483245
Latenight,22,B,80,123.308087731
Latenight,22,B,79,124.549121974
Latenight,22,B,78,186.180212014
Latenight,22,B,74,253.502793296
Latenight,22,B,71,138.325567851
Latenight,22,B,66,96.798958333
Latenight,22,B,65,87.003453379
Latenight,22,B,64,341.727272727
Latenight,22,B,63,131.432203390
Latenight,22,B,60,131.178298800
Latenight,22,B,59,124.333333333
Latenight,22,B,56,133.054972723
Latenight,22,B,54,157.710608424
Latenight,22,B,53,112.585926141
Latenight,22,B,50,181.272848566
Latenight,22,B,49,127.510657460
Latenight,22,B,48,118.867494824
Latenight,22,B,47,81.615384615
Latenight,22,B,46,165.441176471
Latenight,22,B,45,112.914466737
Latenight,22,B,43,92.783197832
Latenight,22,B,42,74.515503876
Latenight,22,B,41,253.233830846
Latenight,22,B,38,180.985779295
Latenight,22,B,37,97.237050044
Latenight,22,B,36,107.297079170
Latenight,22,B,34,135.182706767
Latenight,22,B,29,139.811799122
Latenight,22,B,28,78.796943231
Latenight,22,B,27,84.2
Latenight,22,B,21,156.249138525
Latenight,22,B,20,195.314984709
Latenight,22,B,17,114.147124720
Latenight,22,B,14,150.278413737
Latenight,22,B,13,192.981257557
Latenight,22,B,12,142.104915627
Latenight,22,M,6,182.877351664
Latenight,22,M,5,234.194159432
Latenight,22,M,2,190.683180428
Latenight,22,M,1,153.754593954
Latenight,22,T,97,109.844878626
Latenight,22,T,93,140.730967486
Latenight,22,T,92,136.325411335
Latenight,22,T,82,153.083986695
Latenight,22,T,81,159.681117534
Latenight,22,T,62,294.292582418
Latenight,22,T,55,98.465211460
Latenight,22,T,51,142.625560843
Latenight,22,T,44,112.009558824
Latenight,22,T,39,112.234205488
Latenight,22,T,25,117.516129032
Latenight,22,T,19,84.320571720
Latenight,22,T,9,122.944929117
Latenight,22,T,8,100.896801347
Latenight,22,T,7,91.813810557
Latenight,22,T,4,83.961661342
Latenight,22,T,3,150.026192197
Latenight,23,B,88,135.138888889
Latenight,23,B,83,450.875
Latenight,23,B,80,224.535211268
Latenight,23,B,79,180.391304348
Latenight,23,B,71,169.032110092
Latenight,23,B,65,267.434782609
Latenight,23,B,49,441.890410959
Latenight,23,B,48,72.666666667
Latenight,23,B,47,62.222222222
Latenight,23,B,46,179.777777778
Latenight,23,B,36,88.880952381
Latenight,23,B,29,140.8
Latenight,23,B,21,119.182456140
Latenight,23,B,17,267.724137931
Latenight,23,B,14,216.566502463
Latenight,23,B,13,89.4
Latenight,23,B,12,140.416666667
Latenight,23,M,6,108.780487805
Latenight,23,M,5,243.625
Latenight,23,T,93,94.261904762
Latenight,23,T,92,219.085714286
Latenight,23,T,82,132.706766917
Latenight,23,T,81,221.450853443
Latenight,23,T,55,77.148148148
Latenight,23,T,51,202.06640625
Latenight,23,T,25,233.808510638
Latenight,23,T,9,118
Latenight,23,T,8,135.657004831
Latenight,23,T,7,127.390953150
Latenight,23,T,4,130.9375
Latenight,23,T,3,151.471830986
Midnight,0,B,71,184.823899371
Midnight,1,B,71,769.75
Morning,9,B,98,128.327272727
Morning,9,B,95,88.788095687
Morning,9,B,89,161.340069000
Morning,9,B,88,147.009589621
Morning,9,B,87,100.423058599
Morning,9,B,86,134.764812576
Morning,9,B,83,135.291333547
Morning,9,B,80,123.560365199
Morning,9,B,79,136.688433632
Morning,9,B,78,111.199848600
Morning,9,B,76,134.285102740
Morning,9,B,75,160.359564939
Morning,9,B,74,119.970213734
Morning,9,B,72,88.3952
Morning,9,B,71,79.999916681
Morning,9,B,70,133.514925373
Morning,9,B,66,106.037434280
Morning,9,B,65,104.330512459
Morning,9,B,64,112.866243874
Morning,9,B,63,114.417932902
Morning,9,B,61,157.871544261
Morning,9,B,60,162.479041916
Morning,9,B,59,121.608340147
Morning,9,B,58,119.565018860
Morning,9,B,57,126.130784708
Morning,9,B,56,146.957149301
Morning,9,B,54,114.872639500
Morning,9,B,53,118.594802992
Morning,9,B,50,151.831095973
Morning,9,B,49,90.832697444
Morning,9,B,48,104.513930121
Morning,9,B,47,141.627731530
Morning,9,B,46,88.466442953
Morning,9,B,45,136.735492087
Morning,9,B,43,161.285801620
Morning,9,B,42,101.329047810
Morning,9,B,41,131.912680756
Morning,9,B,38,101.067938187
Morning,9,B,37,167.610476830
Morning,9,B,36,139.859498309
Morning,9,B,34,121.194266019
Morning,9,B,33,155.378014582
Morning,9,B,29,121.717027610
Morning,9,B,28,138.217831419
Morning,9,B,27,137.401230639
Morning,9,B,21,138.380295567
Morning,9,B,20,127.782970078
Morning,9,B,17,123.241131567
Morning,9,B,14,126.426714920
Morning,9,B,13,140.166777115
Morning,9,B,12,136.504054897
Morning,9,M,6,134.734687166
Morning,9,M,5,74.655018075
Morning,9,M,2,102.663047285
Morning,9,M,1,73.625936478
Morning,9,T,97,127.551978172
Morning,9,T,93,83.164933377
Morning,9,T,92,111.779788059
Morning,9,T,82,89.612761964
Morning,9,T,81,83.297238635
Morning,9,T,62,152.950159067
Morning,9,T,55,67.556661316
Morning,9,T,51,98.985962615
Morning,9,T,44,95.626640927
Morning,9,T,39,100.930320151
Morning,9,T,25,112.743063932
Morning,9,T,19,94.906937924
Morning,9,T,9,111.636711844
Morning,9,T,8,96.205389712
Morning,9,T,7,82.007562736
Morning,9,T,4,83.339561935
Morning,9,T,3,82.675764641
Morning,10,B,98,133.617822967
Morning,10,B,95,88.915487343
Morning,10,B,89,152.020135393
Morning,10,B,88,118.281184565
Morning,10,B,87,99.530900530
Morning,10,B,86,133.716511379
Morning,10,B,83,154.485861610
Morning,10,B,80,140.870734331
Morning,10,B,79,127.120959545
Morning,10,B,78,89.918181818
Morning,10,B,76,119.930253623
Morning,10,B,75,167.454906205
Morning,10,B,74,139.586927817
Morning,10,B,72,100.906451613
Morning,10,B,71,73.971191657
Morning,10,B,70,124.943371378
Morning,10,B,66,106.444467425
Morning,10,B,65,108.406391270
Morning,10,B,64,123.683139535
Morning,10,B,63,120.255495333
Morning,10,B,61,117.227856025
Morning,10,B,60,131.418144611
Morning,10,B,59,121.393931467
Morning,10,B,58,113.700382833
Morning,10,B,57,198.590172239
Morning,10,B,56,143.947208562
Morning,10,B,54,108.516999603
Morning,10,B,53,114.037946780
Morning,10,B,50,173.047953216
Morning,10,B,49,91.768634128
Morning,10,B,48,118.975338021
Morning,10,B,47,157.549335378
Morning,10,B,46,73.233365069
Morning,10,B,45,108.933526535
Morning,10,B,43,148.562047483
Morning,10,B,42,99.523131673
Morning,10,B,41,109.018109453
Morning,10,B,38,118.831402652
Morning,10,B,37,143.096590909
Morning,10,B,36,137.530832982
Morning,10,B,34,124.318672467
Morning,10,B,33,170.887987013
Morning,10,B,29,128.557467668
Morning,10,B,28,133.262418780
Morning,10,B,27,172.910755630
Morning,10,B,21,136.788890782
Morning,10,B,20,126.347929936
Morning,10,B,17,111.389440433
Morning,10,B,14,135.865558912
Morning,10,B,13,125.480427912
Morning,10,B,12,136.912016433
Morning,10,M,6,120.662433862
Morning,10,M,5,73.100434993
Morning,10,M,2,92.684114286
Morning,10,M,1,72.246617015
Morning,10,T,97,110.551995339
Morning,10,T,93,93.608240572
Morning,10,T,92,111.222475611
Morning,10,T,82,91.716490795
Morning,10,T,81,77.503218618
Morning,10,T,62,175.403508772
Morning,10,T,55,67.749919640
Morning,10,T,51,107.998262315
Morning,10,T,44,117.748136524
Morning,10,T,39,119.319188455
Morning,10,T,25,78.621447028
Morning,10,T,19,83.529840993
Morning,10,T,9,89.436911488
Morning,10,T,8,93.636177163
Morning,10,T,7,66.692341325
Morning,10,T,4,81.863468180
Morning,10,T,3,90.818142918
Morning,11,B,98,174.491244240
Morning,11,B,95,84.344879518
Morning,11,B,89,146.084384858
Morning,11,B,88,126.538086957
Morning,11,B,87,109.732129357
Morning,11,B,86,132.151178361
Morning,11,B,83,155.721939887
Morning,11,B,80,155.827888512
Morning,11,B,79,139.633333333
Morning,11,B,78,90.931105048
Morning,11,B,76,105.871977240
Morning,11,B,75,164.981425007
Morning,11,B,74,166.981587185
Morning,11,B,72,102.356041131
Morning,11,B,71,77.644713922
Morning,11,B,70,196.735640928
Morning,11,B,66,108.183659339
Morning,11,B,65,101.493994778
Morning,11,B,64,122.307876530
Morning,11,B,63,124.414785620
Morning,11,B,61,126.328531716
Morning,11,B,60,129.507596154
Morning,11,B,59,137.324540013
Morning,11,B,58,137.711664075
Morning,11,B,57,183.759198882
Morning,11,B,56,169.381952077
Morning,11,B,54,108.711294881
Morning,11,B,53,104.685913159
Morning,11,B,50,194.580748483
Morning,11,B,49,86.925877159
Morning,11,B,48,118.269667135
Morning,11,B,47,135.984169454
Morning,11,B,46,65.474255209
Morning,11,B,45,107.982647815
Morning,11,B,43,185.728228633
Morning,11,B,42,99.689383070
Morning,11,B,41,117.210124164
Morning,11,B,38,109.914232731
Morning,11,B,37,210.296696447
Morning,11,B,36,126.510273145
Morning,11,B,34,109.245683931
Morning,11,B,33,167.778923767
Morning,11,B,29,125.514872051
Morning,11,B,28,114.097658863
Morning,11,B,27,157.476738531
Morning,11,B,21,158.441097001
Morning,11,B,20,118.653223245
Morning,11,B,17,130.095293660
Morning,11,B,14,160.652838122
Morning,11,B,13,129.910969793
Morning,11,B,12,154.113217917
Morning,11,M,6,122.900306748
Morning,11,M,5,83.496529081
Morning,11,M,2,98.287585981
Morning,11,M,1,84.285465790
Morning,11,T,97,126.390568620
Morning,11,T,93,100.869782752
Morning,11,T,92,103.400918772
Morning,11,T,82,91.776682927
Morning,11,T,81,78.110659656
Morning,11,T,62,146.739943543
Morning,11,T,55,64.193644758
Morning,11,T,51,109.724418898
Morning,11,T,44,114.874264706
Morning,11,T,39,115.378996499
Morning,11,T,25,102.534632035
Morning,11,T,19,88.771120208
Morning,11,T,9,87.615783725
Morning,11,T,8,100.806635389
Morning,11,T,7,75.584357882
Morning,11,T,4,87.236705233
Morning,11,T,3,99.309480608
Morning,12,B,98,171.494222222
Morning,12,B,95,86.340375929
Morning,12,B,89,139.912371820
Morning,12,B,88,136.371715241
Morning,12,B,87,100.180148067
Morning,12,B,86,133.262966805
Morning,12,B,83,158.324144898
Morning,12,B,80,113.761847835
Morning,12,B,79,126.630233823
Morning,12,B,78,115.527272727
Morning,12,B,76,104.965644172
Morning,12,B,75,137.465971996
Morning,12,B,74,128.354417869
Morning,12,B,72,99.233287858
Morning,12,B,71,79.607659160
Morning,12,B,70,203.112273642
Morning,12,B,66,106.478505001
Morning,12,B,65,89.552815953
Morning,12,B,64,121.491160471
Morning,12,B,63,123.988110964
Morning,12,B,61,153.340503432
Morning,12,B,60,124.882514735
Morning,12,B,59,132.273244367
Morning,12,B,58,152.117262285
Morning,12,B,57,140.390211046
Morning,12,B,56,161.824344650
Morning,12,B,54,106.586199095
Morning,12,B,53,94.392968079
Morning,12,B,50,158.637848223
Morning,12,B,49,77.721628045
Morning,12,B,48,104.715314347
Morning,12,B,47,100.576290036
Morning,12,B,46,56.194523725
Morning,12,B,45,103.120742044
Morning,12,B,43,199.840900221
Morning,12,B,42,82.304150943
Morning,12,B,41,111.836850921
Morning,12,B,38,117.347562455
Morning,12,B,37,226.965937763
Morning,12,B,36,134.389562948
Morning,12,B,34,104.147292123
Morning,12,B,33,191.217565760
Morning,12,B,29,124.197881730
Morning,12,B,28,99.864421721
Morning,12,B,27,134.877358491
Morning,12,B,21,149.270270270
Morning,12,B,20,161.144012442
Morning,12,B,17,132.869976359
Morning,12,B,14,156.337100088
Morning,12,B,13,132.906711535
Morning,12,B,12,136.231232523
Morning,12,M,6,137.178859857
Morning,12,M,5,92.715769687
Morning,12,M,2,86.578307509
Morning,12,M,1,90.895180850
Morning,12,T,97,119.746325879
Morning,12,T,93,89.807935440
Morning,12,T,92,108.791838461
Morning,12,T,82,93.033221928
Morning,12,T,81,80.457622991
Morning,12,T,62,189.731205891
Morning,12,T,55,65.130209918
Morning,12,T,51,98.374323410
Morning,12,T,44,102.433640553
Morning,12,T,39,101.702554278
Morning,12,T,25,95.443010753
Morning,12,T,19,85.955697427
Morning,12,T,9,95.166537367
Morning,12,T,8,99.036952014
Morning,12,T,7,84.511480787
Morning,12,T,4,87.203534031
Morning,12,T,3,97.786564342
Night,18,B,98,171.051219512
Night,18,B,95,71.092141418
Night,18,B,89,159.436367703
Night,18,B,88,146.967634855
Night,18,B,87,95.485533755
Night,18,B,86,130.788726599
Night,18,B,83,143.463336876
Night,18,B,80,104.964762611
Night,18,B,79,114.729701953
Night,18,B,78,154.764292879
Night,18,B,76,126.831485588
Night,18,B,75,140.783601014
Night,18,B,74,141.392983342
Night,18,B,72,186.508
Night,18,B,71,72.290878870
Night,18,B,70,119.310734463
Night,18,B,66,112.893505128
Night,18,B,65,97.162662057
Night,18,B,64,124.472459639
Night,18,B,63,100.703747871
Night,18,B,61,123.202107280
Night,18,B,60,148.610511253
Night,18,B,59,140.822568389
Night,18,B,58,126.806344233
Night,18,B,57,95.252032520
Night,18,B,56,150.211176787
Night,18,B,54,124.055643321
Night,18,B,53,113.326046415
Night,18,B,50,132.398375984
Night,18,B,49,94.257312107
Night,18,B,48,107.248558459
Night,18,B,47,93.252672498
Night,18,B,46,69.442483882
Night,18,B,45,110.593046452
Night,18,B,43,163.869115192
Night,18,B,42,109.407743786
Night,18,B,41,156.395095368
Night,18,B,38,89.394973369
Night,18,B,37,177.496649916
Night,18,B,36,148.600223964
Night,18,B,34,101.507623888
Night,18,B,33,158.741639698
Night,18,B,29,106.325835804
Night,18,B,28,114.908220271
Night,18,B,27,124.669890393
Night,18,B,21,139.119675839
Night,18,B,20,141.869413968
Night,18,B,17,117.852459016
Night,18,B,14,154.842837974
Night,18,B,13,133.596064815
Night,18,B,12,129.213393569
Night,18,M,6,119.333634924
Night,18,M,5,57.406911447
Night,18,M,2,90.046858547
Night,18,M,1,47.788623908
Night,18,T,97,121.843242365
Night,18,T,93,102.110830780
Night,18,T,92,96.984970732
Night,18,T,82,91.699177339
Night,18,T,81,67.032107414
Night,18,T,62,186.837233310
Night,18,T,55,73.587755102
Night,18,T,51,86.764033780
Night,18,T,44,105.481392876
Night,18,T,39,94.573763875
Night,18,T,25,105.895348837
Night,18,T,19,78.016067910
Night,18,T,9,92.020374081
Night,18,T,8,95.416110472
Night,18,T,7,85.808991437
Night,18,T,4,75.326513214
Night,18,T,3,80.504288395
Night,19,B,98,108.206861756
Night,19,B,95,75.877964295
Night,19,B,89,184.685262530
Night,19,B,88,159.115072934
Night,19,B,87,122.109182099
Night,19,B,86,179.120478575
Night,19,B,83,139.837408949
Night,19,B,80,131.676594367
Night,19,B,79,141.497765862
Night,19,B,78,146.197478992
Night,19,B,76,289.163934426
Night,19,B,75,137.730206757
Night,19,B,74,139.020942408
Night,19,B,72,111.404564315
Night,19,B,71,84.235213955
Night,19,B,66,113.420667447
Night,19,B,65,106.916826923
Night,19,B,64,146.828955050
Night,19,B,63,120.745120551
Night,19,B,61,127.988393181
Night,19,B,60,153.056349082
Night,19,B,59,147.327491237
Night,19,B,58,131.513798896
Night,19,B,56,157.626365488
Night,19,B,54,152.892327366
Night,19,B,53,122.346253230
Night,19,B,50,190.753594771
Night,19,B,49,114.345681036
Night,19,B,48,105.466084194
Night,19,B,47,111.508620690
Night,19,B,46,86.886575971
Night,19,B,45,162.317241379
Night,19,B,43,104.744147157
Night,19,B,42,109.608748481
Night,19,B,41,170.028052805
Night,19,B,38,99.004951476
Night,19,B,37,195.162617428
Night,19,B,36,137.474855156
Night,19,B,34,91.423841060
Night,19,B,33,158.023049645
Night,19,B,29,101.097378927
Night,19,B,28,108.817806806
Night,19,B,27,149.887355674
Night,19,B,21,130.342905405
Night,19,B,20,163.656046343
Night,19,B,17,98.978710462
Night,19,B,14,192.950048591
Night,19,B,13,147.213934116
Night,19,B,12,135.592610365
Night,19,M,6,112.098621029
Night,19,M,5,62.712061449
Night,19,M,2,101.029039813
Night,19,M,1,75.684832835
Night,19,T,97,129.312171232
Night,19,T,93,107.563266444
Night,19,T,92,109.906904919
Night,19,T,82,96.485829960
Night,19,T,81,71.662814511
Night,19,T,62,204.710758377
Night,19,T,55,90.378634212
Night,19,T,51,94.617071960
Night,19,T,44,108.660586836
Night,19,T,39,119.510728218
Night,19,T,25,87.022388060
Night,19,T,19,104.851402840
Night,19,T,9,122.604864434
Night,19,T,8,105.600565117
Night,19,T,7,82.368261487
Night,19,T,4,98.127446061
Night,19,T,3,100.563746113
Night,20,B,98,93.316037736
Night,20,B,95,109.797508549
Night,20,B,89,176.373493976
Night,20,B,88,145.628593429
Night,20,B,87,191.056029233
Night,20,B,86,108.622945831
Night,20,B,83,140.509422111
Night,20,B,80,147.402011856
Night,20,B,79,94.879786880
Night,20,B,78,109.578266494
Night,20,B,75,119.331575864
Night,20,B,74,133.948509485
Night,20,B,71,100.829016277
Night,20,B,66,119.840454859
Night,20,B,65,108.719416970
Night,20,B,64,266.881299735
Night,20,B,63,137.344207244
Night,20,B,61,127.388452656
Night,20,B,60,191.387862284
Night,20,B,59,151.706017192
Night,20,B,58,111.193045564
Night,20,B,56,178.031429745
Night,20,B,54,146.755239327
Night,20,B,53,145.083209017
Night,20,B,50,208.963177634
Night,20,B,49,124.494592940
Night,20,B,48,145.745224007
Night,20,B,47,91.799734160
Night,20,B,46,110.036674381
Night,20,B,45,119.206477733
Night,20,B,43,114.509112287
Night,20,B,42,102.762534819
Night,20,B,41,137.884615385
Night,20,B,38,133.364619278
Night,20,B,37,114.738169257
Night,20,B,36,131.969467213
Night,20,B,34,138.134943182
Night,20,B,33,112.702430847
Night,20,B,29,140.155281573
Night,20,B,28,110.022767698
Night,20,B,27,144.595442439
Night,20,B,21,116.581654420
Night,20,B,20,116.284639069
Night,20,B,17,125.233354471
Night,20,B,14,188.446219890
Night,20,B,13,147.859395532
Night,20,B,12,126.131230926
Night,20,M,6,103.127788524
Night,20,M,5,56.802538531
Night,20,M,2,182.487736162
Night,20,M,1,67.518632112
Night,20,T,97,164.725989808
Night,20,T,93,101.871102450
Night,20,T,92,121.824023615
Night,20,T,82,109.479533941
Night,20,T,81,101.460449625
Night,20,T,62,187.921182266
Night,20,T,55,134.971637694
Night,20,T,51,114.896869427
Night,20,T,44,100.012987013
Night,20,T,39,101.774836714
Night,20,T,25,99.881147541
Night,20,T,19,138.720027600
Night,20,T,9,127.490654206
Night,20,T,8,117.418441463
Night,20,T,7,84.383622932
Night,20,T,4,111.851757040
Night,20,T,3,111.977741138
